Hash(vConsole),Name
0xC842F0C9,ABORT_SCRIPTED_CONVERSATION
0x5AABFA97,ABS
0xC0961D18,ACTIVATE_PHYSINST
0x5E38B33C,ACTOR_DISABLE_WEAPON_RENDER
0x0666B436,ACTOR_DISMOUNT_NOW
0xDA2F6203,ACTOR_ENABLE_VARIABLE_MESH
0x1511D111,ACTOR_FORCE_WEAPON_RENDER
0x6B54BABD,ACTOR_HAS_ANIM_LOADED
0x31F5F57D,ACTOR_HAS_ANIM_SET
0x776999DB,ACTOR_IS_GRABBED_BY_CUTSCENE
0x488C95C4,ACTOR_IS_HIDDEN_BY_CUTSCENE
0x5DE31288,ACTOR_IS_VARIABLE_MESH_ENABLED
0xC28242F4,ACTOR_MOUNT_ACTOR
0xEAE75C6F,ACTOR_POP_NEXT_GAIT
0x6D3E430D,ACTOR_SET_GRABBED_BY_CUTSCENE
0x1ABFBFA3,ACTOR_SET_MAX_GAIT
0x5ACC0171,ADD_ACCESSORY
0x617C9630,ADD_ACTOR_STAY_OUTSIDE_OF_VOLUME
0xCDEF4316,ADD_ACTOR_STAY_WITHIN_VOLUME
0x6BA6BC9B,ADD_AI_COVERSET_FOR_PROPSET
0xEBE88626,ADD_AI_MOVE_RESTRICTION_STAY_OUTSIDE_OF_VOLUME_SET
0xCF50D509,ADD_AMBIENT_MOVE_RESTRICTION_STAY_OUTSIDE_OF_VOLUME
0xD1C09A22,ADD_AMBIENT_SPAWN_RESTRICTION_STAY_OUTSIDE_OF_VOLUME
0xEFB9362F,ADD_BLIP_FOR_ACTOR
0xC6F43D0E,ADD_BLIP_FOR_COORD
0x0E5372EC,ADD_BLIP_FOR_OBJECT
0xCD28C63F,ADD_CAMERASHOT_COLLISION_BOUNDFLAG
0x58A0BFBF,ADD_CAMERASHOT_COLLISION_EXCLUSION
0x8D7070F3,ADD_CAMERATRANSITION_EVENT_CUTGAMECAMERABEHINDPLAYER
0x699332B0,ADD_CAMERATRANSITION_EVENT_GAMECAMERARESET
0x3A8487A6,ADD_CAMERATRANSITION_EVENT_GAMECAMERARESETTILT
0x25A58402,ADD_CAMERATRANSITION_EVENT_HUDFADEIN
0x269F5C75,ADD_CAMERATRANSITION_EVENT_HUDFADEOUT
0x5BBFA4D7,ADD_CAMERA_COLLISION_EXCLUSION
0x6E10E587,ADD_CAMERA_SHOT_TRANSITION_EASE_IN_OUT
0x6D72797D,ADD_CAMERA_SHOT_TRANSITION_EASE_OUT
0x8F5BC02D,ADD_CAMERA_SHOT_TRANSITION_HOLD
0xBF9B4FC6,ADD_CAMERA_SHOT_TRANSITION_INDEFINITE
0x82A6B8FC,ADD_DUEL_HOSTAGE
0xFBB1BCDF,ADD_FORMATION_LOCATION
0x96CD0513,ADD_LINE_TO_CONVERSATION
0xF1C40BCA,ADD_NEW_CONVERSATION_SPEAKER
0x4FAD0D8F,ADD_NEW_FRONTEND_CONVERSATION_SPEAKER
0xE2C4AEE7,ADD_PLAYER_DEADEYE_POINTS
0x039E7F1D,ADD_SCRIPT_USE_CONTEXT_IN_VOLUME
0x8F428EDF,AI_ACTION_IS_ACTIVE
0x70B409D5,AI_ACTOR_FORCE_SPEED
0x7387772C,AI_ACTOR_SET_MATCH_WALK_SPEED_ENABLED
0x1A96EFB9,AI_AVOID_CLEAR_IGNORE_ACTOR
0x68B268BE,AI_AVOID_IGNORE_ACTOR
0x4A69F264,AI_BEHAVIOR_SET_ALLOW
0x01FD4402,AI_CLEAR_BURST_DURATION
0xCA8EE2A4,AI_CLEAR_BURST_DURATION_RANDOMNESS
0xD6886191,AI_CLEAR_FIRE_DELAY
0xE8511960,AI_CLEAR_FIRE_DELAY_RANDOMNESS
0x6ADF2927,AI_CLEAR_NAV_MATERIAL_USAGE
0x58A7B2A1,AI_CLEAR_SHOTS_PER_BURST
0x7F73E1E8,AI_COMBAT_SET_NEW_STATE_MACHINE_ENABLED
0x8BBB7B12,AI_DISABLE_PERCEPTION
0x0A421F94,AI_DONT_SLOW_DOWN_TO_WALK_FOR_TURNS
0xAF77C42E,AI_ENABLE_PERCEPTION
0x2FABB559,AI_GET_IS_RETREATING
0x9B742D25,AI_GET_TASK_RETREAT_FLAG
0xB6FCFFAA,AI_GLOBAL_CLEAR_DANGER
0xFF00B4E6,AI_GLOBAL_GET_PERMANENT_DANGER
0x5EC098F2,AI_GLOBAL_IS_DANGER
0xCF70330C,AI_GLOBAL_REPORT_DANGER
0x64C177FB,AI_GLOBAL_SET_PERMANENT_DANGER
0x671851D4,AI_GOAL_AIM_AT_COORD
0x3CD232B2,AI_GOAL_AIM_AT_OBJECT
0xD5100DC2,AI_GOAL_AIM_CLEAR
0x96928D25,AI_GOAL_LOOK_AT_ACTOR
0xB162690D,AI_GOAL_LOOK_AT_COORD
0x8456676E,AI_GOAL_LOOK_AT_NEUTRAL
0x1F07FC4C,AI_GOAL_LOOK_AT_PLAYER_WHEN_WITHIN
0x6AF3E54E,AI_GOAL_LOOK_CLEAR
0x6C65E46E,AI_GOAL_SHOOT_AT_COORD
0x10674B4F,AI_GOAL_SHOOT_AT_OBJECT
0xC43A9268,AI_GOAL_SHOOT_CLEAR
0xD9B27A9E,AI_GOAL_STAND_AT_COORD
0xEADB58EB,AI_GOAL_STAND_CLEAR
0x6BCC744A,AI_HAS_ACTOR_BUMPED_INTO_ME
0x1530A3DE,AI_HAS_PLAYER_FIRED_GUN_WITHIN
0x059F64B8,AI_HAS_PLAYER_PROJECTILE_IMPACTED_WITHIN
0xD8574E09,AI_HAS_PLAYER_PROJECTILE_NEAR_MISSED_WITHIN
0x8D1FC73C,AI_IGNORE_ACTOR
0xB4A15D17,AI_IMPAIRMENT_MASK_MATCHES
0xC94F9499,AI_IS_AGGROING
0x9AB964F4,AI_IS_HOSTILE_OR_ENEMY
0x66064774,AI_PERCEPTION_SET_VISUAL_ID_DISTANCE
0xD786E8C7,AI_PERCEPTION_SET_VISUAL_ID_TIME
0x1A137442,AI_PREDICATE_OVERRIDE_CLEAR
0x3CAC2441,AI_PREDICATE_OVERRIDE_CLEAR_ALL
0x1117C85A,AI_PREDICATE_OVERRIDE_SET_BOOL
0x6FAF13C2,AI_QUICK_EXIT_GRINGO
0x46F51754,AI_RESET_FIRING_FSM
0x660C85E5,AI_RESET_NAV_ACTOR_WIDTH
0x750A1EF6,AI_RESET_NAV_SUBGRID_CELL_SIZE
0x9DDFA9CA,AI_RIDING_SET_ATTRIBUTE
0x68C50F50,AI_SELF_DEFENSE_GET_ATTACKED_PLAYER_FIRST
0x7F07210F,AI_SET_ALLOWED_MOUNT_DIRECTIONS
0x85F2DF87,AI_SET_BURST_DURATION
0x9E164C44,AI_SET_BURST_DURATION_RANDOMNESS
0x2444577C,AI_SET_DISARMED
0x1978C111,AI_SET_ENABLE_DEAD_BODY_REACTIONS
0xF3D88421,AI_SET_ENABLE_HORSE_CHARGE_REACTIONS
0x7193449E,AI_SET_ENABLE_REACTION_VO
0x1436588F,AI_SET_ENABLE_STICKUP_OVERRIDE
0x05861CF4,AI_SET_FIRE_DELAY
0xC5873149,AI_SET_FIRE_DELAY_RANDOMNESS
0x902C79A6,AI_SET_IGNORE_OPEN_AREA_MATERIAL
0xFCB31704,AI_SET_NAV_ACTOR_AVOIDANCE_ALLOW_TURNS
0x5B483036,AI_SET_NAV_ACTOR_AVOIDANCE_MODE
0x8404592D,AI_SET_NAV_ACTOR_WIDTH
0xC84EF86B,AI_SET_NAV_ALLOW_TWEAK_DESIRED_MOVEMENT
0xC900F0E8,AI_SET_NAV_FAILSAFE_MOVEMENT_ENABLED
0x5D752432,AI_SET_NAV_HAZARD_AVOIDANCE_ENABLED
0x7B00615F,AI_SET_NAV_MATERIAL_USAGE
0xF64D5452,AI_SET_NAV_MAX_SLOPE
0x29D07F70,AI_SET_NAV_MAX_WATER_DEPTH_LEVEL
0x4495F5FC,AI_SET_NAV_PATHFINDING_ENABLED
0x98966941,AI_SET_NAV_PATHFINDING_ENABLED_WHEN_DRIVING
0xFF3CEFE2,AI_SET_NAV_SUBGRID_CELL_SIZE
0xDCD2FC0F,AI_SET_PLAYER_PROJECTILE_IMPACT_HEAR_RANGE
0x57F96655,AI_SET_RANGE_ACCURACY_MODIFIER
0xE0172E2D,AI_SET_SHOTS_PER_BURST
0xF53EB511,AI_SET_SPECIAL_AREAS_TIME
0xD2BFA6E4,AI_SET_WEAPON_MAX_RANGE
0xE067A925,AI_SET_WEAPON_MIN_RANGE
0x548541C1,AI_SHOOT_TARGET_CLEAR_OFFSET
0x47C2C7B0,AI_SHOOT_TARGET_SET_BONE
0x039C69C4,AI_SHOOT_TARGET_SET_OFFSET
0xD269F20B,AI_SPEECH_ADD_PHRASE
0x15CFAB4C,AI_SPEECH_ADD_TAG_FOR_PHRASE
0xFF0BF292,AI_SPEECH_GET_ALLOW_FOR_ACTOR
0xDD925074,AI_SPEECH_REGISTER_EVENT
0xA08B3E4B,AI_SPEECH_REGISTER_TAG
0xAB297CCB,AI_SPEECH_REGISTER_TAGS_BEGIN
0x90B577F5,AI_SPEECH_REGISTER_TAGS_END
0x6AAB4CD0,AI_SPEECH_SET_ALLOW_CONTEXT_FOR_ACTOR
0x10DDB016,AI_SPEECH_SET_ALLOW_CONTEXT_GLOBAL
0x56421F1A,AI_SPEECH_SET_ALLOW_FOR_ACTOR
0x09493438,AI_WAS_PUSHED_OVER
0x9A2B05F4,AMBIENT_SET_SEARCH_CENTER_ACTOR
0x21E783AC,AMBIENT_SET_SEARCH_CENTER_PLAYER
0xAAA8AF88,ANIMAL_ACTOR_GET_DOCILE
0xCE23118D,ANIMAL_ACTOR_GET_DOMESTICATION
0x7D0E25DF,ANIMAL_ACTOR_GET_SPECIES
0xABFCFF01,ANIMAL_ACTOR_SET_DOCILE
0x58C36502,ANIMAL_ACTOR_SET_DOMESTICATION
0x9D8C2744,ANIMAL_SPECIES_ADD_EXTERNAL_INFLUENCE_FLOCK_REASONER
0x338D1CEC,ANIMAL_SPECIES_ADD_EXTERNAL_PATH_ATTRACTION
0x784C514C,ANIMAL_SPECIES_ADD_EXTERNAL_RANDOM_NOISE
0x4217D912,ANIMAL_SPECIES_ADD_EXTERNAL_REPULSION
0x5EFB415E,ANIMAL_SPECIES_FLOCK_AND_TUNING_CLEAR_ALL
0x7C795382,ANIMAL_SPECIES_FLOCK_SET_BOOLEAN_PARAMETER
0x4DF576A7,ANIMAL_SPECIES_FLOCK_SET_ENABLED
0xBF12100D,ANIMAL_SPECIES_FLOCK_SET_PARAMETER
0xD4DDC119,ANIMAL_SPECIES_GRINGO_CLEAR_ALL
0xE228CC1A,ANIMAL_SPECIES_INIT_BEGIN
0x00760C27,ANIMAL_SPECIES_INIT_END
0xED6240F0,ANIMAL_SPECIES_INIT_REGISTER
0x1FD8BA91,ANIMAL_SPECIES_NEEDS_DOMESTICATION_LEVELS
0x98073A48,ANIMAL_SPECIES_REL_CLEAR_ALL
0x3C5700DC,ANIMAL_SPECIES_REL_GET_CAN_ATTACK
0x1E02527F,ANIMAL_SPECIES_REL_SET_ATTACK_GRAB_ENABLED
0xBF8B1BD7,ANIMAL_SPECIES_REL_SET_AVOID
0xC8B4CD3F,ANIMAL_SPECIES_REL_SET_CAN_ATTACK
0x482DD4E0,ANIMAL_SPECIES_REL_SET_CAN_WARN
0xB5A63B67,ANIMAL_SPECIES_REL_SET_EAT_GRINGO
0x70C48A1C,ANIMAL_SPECIES_REL_SET_PLAY_BEG
0x586904BD,ANIMAL_SPECIES_REL_SET_PLAY_CHASE
0x70DE500E,ANIMAL_SPECIES_REL_SET_PLAY_GROWL
0x3F747178,ANIMAL_SPECIES_REL_SET_PLAY_HUNT
0x6606A669,ANIMAL_SPECIES_REL_SET_PLAY_SNIFF
0x84B474ED,ANIMAL_SPECIES_REL_SET_PREDATOR_AND_PREY
0x9D5C43C9,ANIMAL_SPECIES_REL_SET_THREAT
0xF2110753,ANIMAL_SPECIES_REMOVE_EXTERNAL_PATH_ATTRACTION
0x11DCCDAA,ANIMAL_SPECIES_SET_SPECIAL_USE_GRINGO
0x6B6191EE,ANIMAL_SPECIES_SET_UNALERTED_BEHAVIOR
0x10CC05F1,ANIMAL_SPECIES_TUNING_MOVE_SET_ATTRIB
0x168AAB9B,ANIMAL_SPECIES_TUNING_SET_ATTACHMENT_WITH_CHILDBONE
0xA6A4651B,ANIMAL_SPECIES_TUNING_SET_ATTACHMENT_WITH_OFFSET
0x651ACCB1,ANIMAL_SPECIES_TUNING_SET_ATTRIB_BOOL
0x20AD711E,ANIMAL_SPECIES_TUNING_SET_ATTRIB_FLOAT
0x96B26945,ANIMAL_SPECIES_TUNING_SET_ATTRIB_FLOAT_FROM_TIME
0xD05DDBB6,ANIMAL_SPECIES_TUNING_SET_HUNTING_PREY_PROP
0x11150810,ANIMAL_TUNING_SET_ATTRIB_BOOL
0xE36EA080,ANIMAL_TUNING_SET_ATTRIB_FLOAT
0x9C40CFAB,APPEND_JOURNAL_ENTRY
0xF5DFD684,APPEND_JOURNAL_ENTRY_DETAIL
0x2B969E73,APPEND_JOURNAL_NOTE
0x41514AA0,ATTACH_CAMERASHOT
0xB0A81226,ATTACH_DRAFT_TO_VEHICLE
0x319D70BD,ATTACH_OBJECTS_CONTINUOUS
0x45F2A70A,ATTACH_PLAYER_TO_COVER
0x436C0BF0,ATTACH_PROP_TO_ANIM
0x4A61BD63,ATTACH_SLOT_FROM_STRING
0x86E995D1,AUDIO_IS_SCRIPTED_MUSIC_PLAYING
0xA2A356A7,AUDIO_MUSIC_FORCE_TRACK
0xBF316157,AUDIO_MUSIC_IS_PREPARED
0x714DA5BB,AUDIO_MUSIC_ONE_SHOT
0x7CC2738F,AUDIO_MUSIC_PLAY_PREPARED
0xA3A2984E,AUDIO_MUSIC_RELEASE_CONTROL
0x633B8905,AUDIO_MUSIC_SET_MOOD
0x789C753C,AUDIO_MUSIC_SET_STATE
0x56E3D235,AUDIO_MUSIC_SUSPEND
0xC9D3A484,AUDIO_PLAY_VOCAL_EFFECT
0xCAA24B1A,AWARD_ACHIEVEMENT
0x44B7FF7E,BEGIN_DUEL
0xB5F9F4CF,BREAK_OFF_ABOVE
0xA1C665E0,CAMERASHOT_ADD_ARC_BEHAVIOR
0x59AE458A,CAMERASHOT_ADD_LOOKSTICK_ROTATION_BEHAVIOR
0xCBA91134,CAMERASHOT_IS_VISIBLE_ACTOR
0xE55B5ADB,CAMERA_GET_CURRENT_TRANSITION_TYPE
0xBB6FDF5F,CAMERA_IS_VISIBLE_ACTOR
0xA97770FE,CAMERA_IS_VISIBLE_POINT
0xA161768C,CAMERA_IS_VISIBLE_VOLUME
0x4DBD473B,CANCEL_CURRENTLY_PLAYING_AMBIENT_SPEECH
0x656D3D26,CAN_ANYONE_OF_FACTION_SEE_OBJECT
0xD536A1DF,CEIL
0xE147BA8E,CHECK_CUTSCENE_COLLISIONS
0xA9691E66,CLEAR_ACTOR_MAX_SPEED
0x36D75D50,CLEAR_ACTOR_MIN_SPEED
0xF5B74E20,CLEAR_ACTOR_PROOF
0x9E7AE28B,CLEAR_ACTOR_PROOF_ALL
0xB7A802C2,CLEAR_HOGTIE_ATTACH_VICTIM
0xB8B7B818,CLEAR_JOURNAL_ENTRY
0xD0567D03,CLEAR_JOURNAL_ENTRY_DETAIL_LIST
0xAC54E120,CLEAR_LINKED_ANIM_TARGET
0x7C522386,CLEAR_PLAYER_CONTROL_HORSE_FOLLOW
0x75B17360,CLOSE_DOOR
0xFEEC0767,CLOSE_DOOR_FAST
0x13FA7128,COMBAT_CLASS_AI_CLEAR_ALL_ATTRIBS
0xE39B4D25,COMBAT_CLASS_AI_GET_ATTRIB_BOOL
0xAAD75024,COMBAT_CLASS_AI_GET_ATTRIB_FLOAT
0x983DB127,COMBAT_CLASS_AI_GET_RANGE_ACCURACY
0x69C5ADD2,COMBAT_CLASS_AI_SET_ATTRIB_BOOL
0x80D51606,COMBAT_CLASS_AI_SET_ATTRIB_FLOAT
0x6389CF4B,COMBAT_CLASS_AI_SET_FIGHT_ATTACK_DISTANCE
0xE20587E7,COMBAT_CLASS_AI_SET_FIGHT_DESIRED_DISTANCE
0x1EF0E419,COMBAT_CLASS_AI_SET_FIGHT_TIME_BETWEEN_ATTACKS
0xEF1436B0,COMBAT_CLASS_AI_SET_FIGHT_TIME_BETWEEN_ATTACKS_MULTIPLIER
0xF1454677,COMBAT_CLASS_AI_SET_FRIENDLY_FIRE_CONSIDERATION
0x60B705A5,COMBAT_CLASS_AI_SET_RANGE_ACCURACY
0xC30DB881,COMBAT_CLASS_AI_SET_RANGE_BETWEEN_BURSTS_DELAY
0x8DE6AF29,COMBAT_CLASS_NAME_REGISTER_INT
0xE66AD206,COMBAT_CLASS_REQUEST_COMPLETED
0xEDD5D430,COMBAT_CLASS_REQUEST_GET_ACTOR
0x122C916E,COPY_VOLUME
0x3DD3E1EB,COUNT_FLAMES_IN_VOLUME
0xE8C04F05,CREATE_CORPSE_IN_LAYOUT
0x40856E8A,CREATE_CORPSE_IN_LAYOUT_RANDOM
0x2EC081E4,CREATE_CORPSE_VARIATION_IN_LAYOUT
0x708C7D7B,CREATE_COVER_LOCATION_IN_LAYOUT
0x761FD935,CREATE_JOURNAL_ENTRY
0x619F1C3D,CREATE_JOURNAL_ENTRY_BY_HASH
0x2703760F,CREATE_OBSTACLE_IN_LAYOUT
0x13B39370,CREATE_PERS_CHAR_IN_LAYOUT
0xBF0235B0,CREATE_WEAPON_PICKUP
0xA9AB9A06,CUTSCENEOBJECT_ADD_TRANSITION_DECORATOR
0xCC61CC5F,CUTSCENEOBJECT_ADD_TRANSITION_EASE_IN
0xDB07C72B,CUTSCENEOBJECT_ADD_TRANSITION_EASE_IN_OUT
0x1AD38A53,CUTSCENEOBJECT_ADD_TRANSITION_EASE_OUT
0xC0CD3C96,CUTSCENEOBJECT_ADD_TRANSITION_HOLD
0x94B288F9,CUTSCENEOBJECT_ADD_TRANSITION_INDEFINITE
0xFC676413,CUTSCENEOBJECT_ADD_TRANSITION_LERP
0xA7767630,CUTSCENEOBJECT_GET_CURRENT_TRANSITION_TYPE
0x6F8C238B,DEACTIVATE_ACTORS_FOR_PERS_CHARS_IN_VOLUME
0x9B2A39BC,DEACTIVATE_ACTOR_FOR_PERS_CHAR
0x196A1EDE,DEACTIVATE_JOURNAL_ENTRY
0x92339B5E,DEREFERENCE_ACTOR
0x59BBAA80,DETACH_CAMERASHOT
0xF763B06D,DETACH_DRAFT_FROM_VEHICLE_BY_ACTOR
0x32030E7C,DETACH_LASSO
0x6FCF6BC8,DISABLE_PLAYER_GRINGO_USE
0x2E153630,DOES_AMBIENT_SPAWN_RESTRICTION_VOLUME_EXIST
0xAABE1330,DOES_FILE_EXIST
0xDEAB87AB,DOES_SCRIPT_EXIST
0xE29F0A39,ENABLE_MOVER
0xFEA58D57,ENABLE_USE_CONTEXTS
0x1C1F5830,END_CURRENT_CAMERA_SHOT_TRANSITION
0xBE3F0168,END_CURRENT_TRANSITION_FROM_CUTSCENEOBJECT
0x7A00433F,ESTIMATE_DISTANCE_ALONG_PATH
0x2B02A877,ESTIMATE_PATH_LENGTH
0xA1D9AF6B,ESTIMATE_TWO_DISTANCES_ALONG_PATH
0xE2313450,EXP
0xACF9A5E4,FABS
0xDE0E96F3,FEED_CODE_WARP_DIST
0x32E9BE04,FLOOR
0xF5CA55D4,FORCE_CAMERASHOT_UPDATE
0x9737AF70,FORCE_VEHICLE_CINEMATIC_CAMERA
0x31AD57FE,FREE_FROM_HOGTIE
0x620A3C17,GATEWAY_DISABLE
0x820699A8,GATEWAY_GET_ACTOR
0xB62A4FB1,GATEWAY_GET_MARKER
0x987AD426,GATEWAY_GET_VOLUME
0xB9F2F8BB,GATEWAY_IS_DISABLED
0x96BD89B6,GATEWAY_UPDATE
0xABEC5676,GET_ACTORENUM_IN_POPULATION
0xEDD44891,GET_ACTORENUM_IN_POPULATION_WEIGHT
0x8DDE894F,GET_ACTORS_HORSE
0x129B7150,GET_ACTOR_COMBAT_CLASS
0xB28E9EC0,GET_ACTOR_ENUM
0x52E2A611,GET_ACTOR_FACTION
0x34F0AD96,GET_ACTOR_FROM_OBJECT
0xE04ED21E,GET_ACTOR_FROM_PERS_CHAR
0xAC232F6E,GET_ACTOR_GAIT_TYPE
0x451A8EF2,GET_ACTOR_GROUND_MATERIAL
0xF246F15D,GET_ACTOR_HEALTH
0xE173CE48,GET_ACTOR_HEIGHT
0xF45D9723,GET_ACTOR_HOGTIE_STATE
0xDB39D992,GET_ACTOR_INVULNERABILITY
0xE8E94C3B,GET_ACTOR_IN_VEHICLE_SEAT
0xF1D2A13E,GET_ACTOR_MAX_FRESHNESS
0xB69A84AF,GET_ACTOR_MAX_HEALTH
0x627E52EA,GET_ACTOR_MAX_SPEED
0x56DE7F21,GET_ACTOR_MAX_SPEED_ABSOLUTE
0x8D0DCEB6,GET_ACTOR_MIN_SPEED
0x58745E4B,GET_ACTOR_MOST_RECENT_VEHICLE
0x78CF43C1,GET_ACTOR_NAME
0xDB993A4F,GET_ACTOR_POSTURE
0x147EA072,GET_ACTOR_PROOF
0xAABF3356,GET_ACTOR_SLOT
0x7B4F9EAC,GET_ACTOR_STUCK_STATE
0x6D322CD3,GET_ACTOR_UPDATE_PRIORITY
0xCEA2449F,GET_ACTOR_VEHICLE_STATE
0xAD6AF65C,GET_ACTOR_VELOCITY
0x21CE712F,GET_ACTOR_VISION_FIELD_OF_VIEW
0x4A4B4B26,GET_ACTOR_VISION_MAX_RANGE
0xBFABD82E,GET_ACTOR_VISION_XRAY
0x78B7976E,GET_ACTOR_WEAPON_REACTION_ACTOR_TYPE
0x111E8E00,GET_ALLOW_RIDE
0x318FF2A0,GET_ALLOW_RIDE_BY_PLAYER
0x23C9C74A,GET_ANALOG_BUTTON_VALUE
0x6005B514,GET_ASSET_ID
0x9EDBBB84,GET_ASSET_NAME
0xEE4F4B7D,GET_BLIP_ICON
0x4670416D,GET_CAMERASHOT_DIRECTION
0xEAD6167D,GET_CAMERASHOT_FOV
0x7E9CC966,GET_CAMERASHOT_FROM_CUTSCENEOBJECT
0x4D05D470,GET_CAMERASHOT_POSITION
0x6ED00237,GET_CAMERA_CHANNEL_DIRECTION
0xE017E2F7,GET_CAMERA_CHANNEL_POSITION
0xBBD1078A,GET_CAMERA_DIRECTION
0x7B302F36,GET_CAMERA_FOV
0xFDBE95AE,GET_CAMERA_FROM_CUTSCENEOBJECT
0x4A65F0B7,GET_CAMERA_POSITION
0x9DE3DE24,GET_CONSOLE_COMMAND_TOKEN
0xB52BA7E6,GET_CRIME_COUNTER
0xEC2C34A4,GET_CRIME_CRIMINAL
0x72C52B55,GET_CRIME_OBJECTSET
0x391475E3,GET_CRIME_POSITION
0xDB2BDEA8,GET_CRIME_TYPE
0x5D9DB7A5,GET_CURRENT_GRINGO
0x3D26D852,GET_CUTSCENEOBJECT_SEQUENCE
0x9CE0AA24,GET_DOOR_FROM_OBJECT
0x85A9CA60,GET_DRAW_ACTOR
0xCED86AF7,GET_DRAW_OBJECT
0x82112B85,GET_EVENT_TIME
0x6D660453,GET_EVENT_TYPE
0x784398CB,GET_FACTION_STATUS_TO_INDIVIDUAL_ACTOR
0x6B7677BF,GET_GAME_CAMERA
0xDD9BD22B,GET_GAME_STATE
0xA90E602F,GET_GRAVE_FROM_OBJECT
0xADA2EA30,GET_GRINGO_ACTIVATION_SPHERE
0x42DE39F0,GET_HEADING
0x1580F3BF,GET_HOGTIED_MASTER
0xC450C870,GET_JOURNAL_ENTRY
0x1630EFC5,GET_JOURNAL_ENTRY_DETAIL_HASH_BY_INDEX
0x93CA45DE,GET_JOURNAL_ENTRY_DISALLOW_TRACKING
0x49B02E18,GET_JOURNAL_ENTRY_IN_LIST
0x8020011E,GET_JOURNAL_ENTRY_MISC_FLAG
0xCF3A69FC,GET_JOURNAL_ENTRY_NUM_DETAILS
0xF2C1D690,GET_JOURNAL_ENTRY_PROGRESS
0xF6FEC269,GET_JOURNAL_ENTRY_TYPE
0xAA364907,GET_LASSO_TARGET
0x3B775037,GET_LASSO_USER
0x2C0F211D,GET_LAST_ATTACKER
0x45556269,GET_LAST_DAMAGE
0x855F9A3B,GET_LAST_HIT_ZONE
0xDC28C12F,GET_LAST_NOTE_OBJECTIVE
0x2B547FE6,GET_LATEST_CONSOLE_COMMAND
0xA4E9E7EE,GET_LINKED_ANIM_TARGET
0xAD68A22E,GET_LOCAL_SLOT
0xBA5E5790,GET_LOCATOR_OFFSETS
0x6B3A39A9,GET_MAX_SPEED
0x708E450F,GET_MOST_RECENT_MOUNT
0x668E55C3,GET_MOST_RECENT_RIDER
0x608F5BC6,GET_NUM_CONSOLE_COMMAND_TOKENS
0xA3874D8A,GET_NUM_ITERATOR_MATCHES
0x3E84D766,GET_NUM_JOURNAL_ENTRIES_IN_LIST
0xF99A8BC0,GET_NUM_PLAYERS
0x1C02D2F8,GET_OBJECT_HEADING
0xDF40614F,GET_OBJECT_NAME
0xCAD543AD,GET_OBJECT_NAMED_BONE_ORIENTATION
0x30516389,GET_OBJECT_NAMED_BONE_POSITION
0x27B7D6D6,GET_OBJECT_ORIENTATION
0x31201B4C,GET_OBJECT_POSITION
0x261ECB20,GET_OBJECT_TYPE
0x415F635C,GET_PATH_POINT
0xD78D1B4F,GET_PERS_CHAR_DEATH_TIMESTAMP
0xE8CFDD53,GET_PLAYER_ACTOR
0x8421033D,GET_PLAYER_CONTROL_CONFIG
0x86B5C9E1,GET_PLAYER_DEADEYE_POINTS
0xBC521A38,GET_PLAYER_ZOOM_STATE
0x99BD9D6F,GET_POSITION
0xFDC6E853,GET_PROP_HEALTH
0x5AEA8801,GET_PROP_VELOCITY
0x88A283E5,GET_RIDER
0xBC524450,GET_SCRIPT_NAME
0xDB9B49D8,GET_SLOT_ACTOR
0x34CBABAE,GET_SLOT_NAME
0x3241158C,GET_SLOT_POSITION
0x6AE0AD56,GET_SOUND_ID
0x8A9B8F0C,GET_TARGETED_JOURNAL_ENTRY
0xEF7427B0,GET_TARGET_ACTOR
0x533AD3F2,GET_TARGET_OBJECT
0xF726557C,GET_TASK_NEXT_POINT_ON_PATH
0xCCE01E8A,GET_TASK_STATUS
0x4E1DE7A5,GET_TIME_OF_DAY
0xA0936EB6,GET_VEHICLE
0x4CF7C3E0,GET_VEHICLE_BUMP_COUNT
0x6729EEFE,GET_VOLUME_CENTER
0xE9C34ACC,GET_VOLUME_SCALE
0xEA026ED9,GET_WEATHER
0x436CE75A,GET_X
0xB0FF6A10,GET_Y
0x25A02BC1,GET_Z
0x6AA0EAF2,GIVE_WEAPON_TO_ACTOR
0x935F80FF,GRAVE_IS_DUG_UP
0x674156BB,GRAVE_SET_DUG_UP
0x29C63CE6,GRINGO_ACTOR_FACE
0x698105FC,GRINGO_ACTOR_MOVE_TO
0xAF4FCB90,GRINGO_ACTOR_MOVE_TO_AND_FACE
0x5E586923,GRINGO_ALLOW_ACTIVATION
0x25636669,GRINGO_DEACTIVATE
0xCB91CC6E,GRINGO_DISABLE_TYPE
0xB853FD50,GRINGO_ENABLE_PLAYER_CONTROL
0xA5EDCA4A,GRINGO_ENABLE_SPAWN
0xCB58D301,GRINGO_ENABLE_TYPE
0x4B29AED2,GRINGO_FORCE_UPDATE
0x19411B1F,GRINGO_GET_ATTRIBUTE
0xC70FDA39,GRINGO_GET_TARGET
0xEDF3BF37,GRINGO_HANDLES_MOVEMENT
0xB8A48688,GRINGO_IS_ACTIVE
0x78B655B1,GRINGO_LOAD_ANIMATION
0x94F442D0,GRINGO_SET_COMPONENT_USER
0x37D0F3E9,GRINGO_SET_MESSAGE_RETURN
0x2B1B76E8,GRINGO_SET_MONEY_PRESENCE
0x98543454,GRINGO_SET_PROP_COLLISIONS
0x7F3020EB,GRINGO_SET_REQUEST_STRING
0x7763560G,GRINGO_SET_TARGET_OBJECT
0x9175FCFA,GRINGO_STAY_ACTIVE
0x59647303,GRINGO_STOP
0x554330CA,GRINGO_UPDATE_BOOL
0x744FEE80,GRINGO_UPDATE_INT
0x9B958A25,HAS_ACCESSORY_ENUM
0x136A5BE9,HAS_ACHIEVEMENT_BEEN_PASSED
0xEEECD85E,HAS_ACTION_TREE_LOADED
0x4FFF397D,HAS_ANIM_SET_LOADED
0xE85AEC2E,HAS_SOUND_FINISHED
0xD6BFDD90,HIDE_PHYSINST
0xCA7CB126,HORSE_AUTO_JUMP_ENABLED_FOR_AI_RIDERS
0x6B6E05A8,HORSE_ENABLE_AUTO_JUMP_FOR_AI_RIDERS
0xB8665D8A,HORSE_GET_CURR_FRESHNESS
0x8754817D,HORSE_LOCK_FRESHNESS
0xF3976D70,HORSE_SET_CURR_FRESHNESS
0x6AFA044B,HORSE_UNLOCK_FRESHNESS
0x99314873,INIT_CAMERASHOT_FROM_GAME_CAMERA
0x41EA7325,INIT_CAMERA_FROM_CHANNEL
0x2615309A,INIT_CAMERA_FROM_GAME_CAMERA
0x2F232639,IS_ACTOR_ALIVE
0x8E0769F3,IS_ACTOR_ANIMAL
0xE0AC4B86,IS_ACTOR_ANIM_PHASE_LOCKED
0x1ADE21EB,IS_ACTOR_ANIM_PLAYING
0x38C5F63F,IS_ACTOR_CRIPPLED
0xD798FFE0,IS_ACTOR_DEAD
0xEF2C329D,IS_ACTOR_DRAFTED
0xDC99C124,IS_ACTOR_DRIVING_VEHICLE
0xFF07D58C,IS_ACTOR_DRUNK
0x25670955,IS_ACTOR_FLYING
0xA610DC79,IS_ACTOR_HOGTIED
0xDB0D0478,IS_ACTOR_HORSE
0x882C84DC,IS_ACTOR_HUMAN
0x24F4DAB2,IS_ACTOR_INITED
0xC6FE68DF,IS_ACTOR_IN_ACTORSET
0xB24ADC7C,IS_ACTOR_IN_HOGTIE
0xF5593A78,IS_ACTOR_IN_VOLUME
0x7D65D9C7,IS_ACTOR_IN_WATER
0xDFF96719,IS_ACTOR_JUMPING
0x6542CF26,IS_ACTOR_LOCAL_PLAYER
0x2091F142,IS_ACTOR_MALE
0x1F739295,IS_ACTOR_MULE
0x9EE8AB59,IS_ACTOR_ON_BOAT
0x63D6551C,IS_ACTOR_ON_FOOT
0x709EC06C,IS_ACTOR_ON_GROUND
0x8ED9DAFC,IS_ACTOR_ON_PATH
0xD36E2D54,IS_ACTOR_ON_TRAIN
0xCA9364C5,IS_ACTOR_PERFORMING_LINKED_ANIMATION
0xB27E91E7,IS_ACTOR_PLAYER
0x4E0300E2,IS_ACTOR_PLAYING_NODE_IN_TREE
0x3918D335,IS_ACTOR_RAGDOLL
0x39C518DB,IS_ACTOR_RELOADING
0x8842C62D,IS_ACTOR_RIDEABLE
0xA6BBE769,IS_ACTOR_RIDING
0xDE19A1F9,IS_ACTOR_RIDING_VEHICLE
0x4B441DC4,IS_ACTOR_SHOOTING
0x886BD8AD,IS_ACTOR_THROWING
0xD39C4A9E,IS_ACTOR_USING_COVER
0xEBBE1CAC,IS_ACTOR_USING_LEDGE
0xBA6C3E92,IS_ACTOR_VALID
0x9751B167,IS_ACTOR_VEHICLE
0x3612AC73,IS_ACTOR_WHISTLING
0x2DBCB78A,IS_AI_ACTOR_ENGAGED_IN_COMBAT
0x8D3CDF90,IS_AI_ACTOR_IN_COMBAT
0xC4D114A6,IS_AI_ACTOR_UNALERTED
0x1972E8AA,IS_AMBIENT_SPEECH_PLAYING
0x2B74A6D6,IS_ANY_SPEECH_PLAYING
0x50305244,IS_ATTACHMENT_VALID
0xDCC10BA9,IS_BLIP_VALID
0x1E7A6623,IS_BLIP_VISIBLE
0xC3297B50,IS_BUTTON_DOWN
0x7BCB3F15,IS_BUTTON_PRESSED
0xB04EB731,IS_BUTTON_RELEASED
0x2BD53620,IS_CAMERA_ACTIVE_ON_CHANNEL
0xCA8CC5CE,IS_CAMERA_FOCUS_ACTIVE
0x80D63DAC,IS_CAMERA_FOCUS_ENABLED
0x52B9A693,IS_CAMERA_FOCUS_PROMPT_ENABLED
0x4CC5681D,IS_CRIME_VALID
0xD5C66699,IS_CUTSCENEOBJECT_PAUSED
0x48659CD7,IS_DOOR_CLOSED
0x19FB9518,IS_DOOR_LOCKED
0xDAD47AE6,IS_DOOR_OPEN_IN_DIRECTION
0x7F0F079B,IS_DOOR_VALID
0x4911EB99,IS_EVENT_VALID
0x687ECC3C,IS_EXITFLAG_SET
0x57246C02,IS_GAME_PAUSED
0xB9BFCB41,IS_GRINGO_READY
0x9377291F,IS_HOGTIE_CUTFREE_OBSTRUCTED
0xC17FE40A,IS_JOURNAL_ENTRY_IN_LIST
0xF0C4E96F,IS_JOURNAL_ENTRY_TARGETED
0x78F9B430,IS_JOURNAL_ENTRY_UPDATED
0x40EF1003,IS_LOCAL_PLAYER
0x5A9D0738,IS_MISSION_SCRIPT
0x9C12BD5A,IS_MOVER_FROZEN
0x552189FD,IS_OBJECTSET_VALID
0xAD08BA79,IS_OBJECT_ATTACHED
0x114FCBD0,IS_OBJECT_IN_OBJECTSET
0xD7E7187B,IS_OBJECT_VALID
0x5F3A1B81,IS_PERS_CHAR_ALIVE
0x6243A6AF,IS_PHYSINST_IN_LEVEL
0xE83E6A41,IS_PHYSINST_READY
0x6148423A,IS_PLAYER_DEADEYE
0x6576AD43,IS_PLAYER_IN_COMBAT
0xE44DCE87,IS_PLAYER_IN_HORSE_FOLLOW
0xC3C0F1F2,IS_PLAYER_SIGNED_IN
0x87DDCA96,IS_PLAYER_TARGETTING_ACTOR
0x622796D5,IS_PLAYER_TARGETTING_OBJECT
0x724A2931,IS_PLAYER_USING_COVER
0xA8427860,IS_PLAYER_WEAPON_ZOOMED
0xB85BB21B,IS_POINT_IN_VOLUME
0xFA5EA974,IS_POPULATION_SET_READY
0xDDB64AA9,IS_PROCESSING_CAMERA_SHOT_TRANSITION
0xBD2FFD8C,IS_PROP_FIXED
0x5131AEF1,IS_PROP_STREAMED_IN
0xA369B36F,IS_PS3
0xCB8FD96F,IS_SCRIPTED_CONVERSATION_ONGOING
0x2C653904,IS_SCRIPTED_SPEECH_PLAYING
0x45C1C061,IS_SCRIPT_USE_CONTEXT_PRESSED
0x45F7D589,IS_SCRIPT_VALID
0xD04480FE,IS_SLOT_VALID
0xBDC61056,IS_STRING_VALID
0x29ED6F03,IS_VOLUME_ENABLED
0xAB5FB5AC,IS_WEAPON_DRAWN
0xBF81A6C4,IS_WORLD_SECTOR_LOADED
0x262164F8,IS_ZONE_VALID
0xF35C5859,ITERATE_EVERYWHERE
0xD7A370D5,ITERATE_IN_AREA
0x2243FA6E,ITERATE_IN_SPHERE
0x6914D904,ITERATE_IN_VOLUME
0xBE553F84,ITERATE_ON_OBJECT_TYPE
0xD117DF0D,ITERATE_ON_PARTIAL_MODEL_NAME
0x9624A938,ITERATE_ON_PARTIAL_NAME
0x8B08ECA2,KILL_ACTOR
0x98FAF5D7,LASSO_EVENT
0xD0CDEED4,LIGHTS_SET_OFF_TIME
0x3774465F,LIGHTS_SET_ON_TIME
0xBEDB066C,LINK_OBJECT_ANIMATOR_TO_ACTOR
0x5E54E254,MAKE_BIRD_FLY_FROM_POINT
0x1CE58D42,MAKE_NEXT_RAND_ACTORENUMS_UNIQUE
0x8212247D,MARK_OBJECT_FOR_AGGRESSIVE_CLEANUP
0x5DD0AC4A,MEMORY_ALLOW_PICKUP_WEAPONS
0x937E1760,MEMORY_ALLOW_SHOOTING
0xE944E5F8,MEMORY_ALLOW_TAKE_COVER
0xDBDB57D0,MEMORY_ALLOW_THROWING_EXPLOSIVES
0x5A83A1EA,MEMORY_ATTACK_ON_SIGHT
0x4485B246,MEMORY_CLEAR_ALL
0x8CD37E9E,MEMORY_CLEAR_EVENTS
0x48AA959E,MEMORY_CLEAR_RIDING_PREFERENCE
0xDD965D74,MEMORY_CLEAR_WEAPON_DRAW_PREFERENCE
0xACD4084D,MEMORY_CONSIDER_ACCORDING_TO_FACTION
0x296C01A4,MEMORY_CONSIDER_AS
0x745A1BA3,MEMORY_CONSIDER_AS_ENEMY
0x810A7BA0,MEMORY_GET_IS_IDENTIFIED
0x45CE40FD,MEMORY_GET_IS_VISIBLE
0x5B3D34F0,MEMORY_GET_MUST_IDENTIFY
0x7E77DD6C,MEMORY_GET_POSITION_LAST_KNOWN_TIME
0xC407497F,MEMORY_GET_WAS_VISIBLE_WITHIN_TIME
0xBA09085C,MEMORY_IDENTIFY
0x2F929ECD,MEMORY_PREFER_MELEE
0x1B72B0DD,MEMORY_PREFER_RIDING
0x2F7B60A4,MEMORY_PREFER_WALKING
0x52CC7CE0,MEMORY_REPORT_POSITION
0x2F589CDF,MEMORY_REPORT_POSITION_AUTO
0xF8CB6260,MEMORY_SET_WEAPON_DRAW_PREFERENCE
0x52E865C0,MEMORY_SHOULD_ALWAYS_PATHFIND_IN_FORMATION
0x4E92CC7A,MISSION_AUDIO_BANK_NO_LONGER_NEEDED
0x5A511344,NAV_QUERY_CAN_PATH_TO_POINT
0xE96D01E5,NAV_QUERY_IS_DONE
0xAFA35FFA,NAV_QUERY_RECEIVE_CAN_PATH_TO_POINT
0x7A777D70,NAV_QUERY_START_CAN_PATH_TO_POINT
0x50290FB3,NAV_QUERY_STOP
0xCB42389E,NET_GET_AREA_OVERLOAD_STATE_FOR_SLOT
0xC9E96F78,NET_MAILBOX_IS_CHALLENGE_VALID
0xA4B5275C,NET_SET_NODE_REPLICATION
0x1CEA7FCE,NEW_SCRIPTED_CONVERSATION
0x191E32C0,OBJECT_ITERATOR_CURRENT
0xD88DC865,OBJECT_ITERATOR_NEXT
0x91A3A831,OBJECT_ITERATOR_PREV
0x351A482F,OBJECT_ITERATOR_RESET
0x30503E81,OPEN_DOOR
0xAACB4435,OPEN_DOOR_DIRECTION
0xBA51D02E,OPEN_DOOR_DIRECTION_FAST
0xCF89BC95,OPEN_DOOR_FAST
0x6F32A4E2,PAUSE_GAME
0xE2C9C6F8,PAUSE_SCRIPTED_CONVERSATION
0xFB28AE8D,PLAY_CUTSCENEOBJECT
0xDC3FBAE6,PLAY_SIMPLE_PROP_ANIMATION
0xB6E1917F,PLAY_SOUND
0x628832AD,PLAY_SOUND_FROM_ACTOR
0x6A515A49,PLAY_SOUND_FROM_OBJECT
0x5BC72D70,PLAY_SOUND_FROM_POSITION
0x2E458F74,PLAY_SOUND_FRONTEND
0x85D134F8,POW
0x81470AFE,PREPEND_JOURNAL_ENTRY_DETAIL
0xD48B90B6,PRINTFLOAT
0x63651F03,PRINTINT
0x868997DA,PRINTNL
0xECF8EB5F,PRINTSTRING
0x85F31FB0,PRINTVECTOR
0x637016C9,PRINT_BIG
0xB84DE79E,PRINT_FRAME_TIME
0xF1732769,REGISTER_CLIENT_BROADCAST_VARIABLES
0x1444F022,REGISTER_GPS_CURVE_OBJECTSET
0xBEDD194D,REGISTER_HOST_BROADCAST_VARIABLES
0x67FA18A1,REGISTER_TRAFFIC_ACTOR
0x32489AFB,RELEASE_ACTOR
0xAEBAE989,RELEASE_ACTOR_ANIM_PHASE_LOCK
0xC8AD4A8C,RELEASE_ACTOR_AS_AMBIENT
0x8B9659EF,RELEASE_CONSTRAINT
0x8270CE81,RELEASE_CURVE
0x67DB5ABF,RELEASE_OBJECT_REF
0x9C080899,RELEASE_SOUND_ID
0xBF4D0EFE,REMOVE_ACTION_TREE
0x42EF7DB7,REMOVE_ACTOR_STAY_OUTSIDE_OF_VOLUME
0x2974CAF6,REMOVE_ACTOR_STAY_WITHIN_VOLUME
0x1AED34CA,REMOVE_AI_MOVE_RESTRICTION_STAY_OUTSIDE_OF_VOLUME_SET
0x4BF00F00,REMOVE_ALL_PICKUPS
0x515AC319,REMOVE_AMBIENT_MOVE_RESTRICTION_STAY_OUTSIDE_OF_VOLUME
0xD65BAA71,REMOVE_AMBIENT_SPAWN_RESTRICTION_STAY_OUTSIDE_OF_VOLUME
0xD04A817A,REMOVE_ANIM_SET
0xD8C3C1CD,REMOVE_BLIP
0x781D5599,REMOVE_CAMERA_COLLISION_EXCLUSION
0x423DB420,REMOVE_CAMERA_FROM_CHANNEL
0xFEE731AF,REMOVE_EVENT_RESPONSE
0x374D047A,REMOVE_HORSE_ACCESSORY
0x1BF35BD0,REMOVE_JOURNAL_ENTRY
0xA41B161C,REPORT_GRINGO_USE_PHASE
0xB3039DB7,REQUEST_ACTION_TREE
0x2988B3FC,REQUEST_ANIM_SET
0x916E37CA,REQUEST_MISSION_AUDIO_BANK
0x7A6C5C2F,RESET_ANIM_SET_FOR_ACTOR
0xC3DDCE4D,RESET_CAMERASHOT_TARGET
0x42327DAC,RESET_CAMERASHOT_TARGETDOF
0x313A4E61,RESET_CAMERA_TARGET
0x4643D2C7,RESET_CAMERA_TARGETDOF
0x45E34464,RESET_EXCLUSIVE_JOURNAL_ID
0xAA3EC981,RESET_LATEST_CONSOLE_COMMAND
0x7B17C5C3,RESET_REACT_NODE_FOR_ACTOR
0x6CB24B56,RESTART_SCRIPTED_CONVERSATION
0xEDA4B02B,REVIVE_PERS_CHAR
0x323B0E24,ROUND
0x84A909EC,SAY_SINGLE_LINE_STRING_BEAT
0xFFC55DA4,SC_CHALLENGE_GET_COMMUNITY_TOTAL
0xCEEEAE1D,SC_CHALLENGE_GET_COMMUNITY_VALUE
0xC21048BF,SC_CHALLENGE_GET_LEADERBOARD_ID
0x2390DD18,SC_CHALLENGE_GET_VAR_INT
0x5D7197BC,SC_CHALLENGE_IS_ACTIVE
0x79F09AC7,SC_CHALLENGE_IS_RUNNING
0x35785333,SETTIMERA
0x5A795F3A,SET_ACTION_NODE_FOR_ACTOR
0xCFFDF09D,SET_ACTORS_HORSE
0x382E7CCC,SET_ACTOR_ACTION_SIGNAL
0xC550644A,SET_ACTOR_ALLOW_DISMOUNT
0x3D7C2F0S,SET_ACTOR_ALLOW_WEAPON_REACTIONS
0xBAF9D599,SET_ACTOR_ALLOW_WEAPON_REACTION_FLEE
0x8626C1A0,SET_ACTOR_ANIM_CURRENT_TIME
0xB03616C2,SET_ACTOR_ANIM_PHASE_LOCK
0x47930AA4,SET_ACTOR_AUTO_TRANSITION_TO_DRIVER_SEAT
0xB9744BE7,SET_ACTOR_CAN_BUMP
0x76ECD5F1,SET_ACTOR_CUTSCENE_MODE
0x9F6B04C8,SET_ACTOR_DEATH_DROP_DISTANCE
0x9F57742C,SET_ACTOR_DRUNK
0x4D0A87BF,SET_ACTOR_EXEMPT_FROM_AMBIENT_RESTRICTIONS
0x86543940,SET_ACTOR_FACE_STYLE
0xCC63951A,SET_ACTOR_FACTION
0xED89D0E0,SET_ACTOR_FROZEN_AFTER_CORPSIFY
0x5262C0F7,SET_ACTOR_HANGING_FROM_NOOSE
0xECE8520B,SET_ACTOR_HEADING
0xFA090024,SET_ACTOR_HEALTH
0x55AACDFD,SET_ACTOR_HEARING_MAX_RANGE
0xE38EF526,SET_ACTOR_INVULNERABILITY
0x32974F99,SET_ACTOR_IN_VEHICLE
0x4CB24141,SET_ACTOR_IS_AMBIENT
0x4C94EB9E,SET_ACTOR_IS_COMPANION
0xBADB24FB,SET_ACTOR_MAX_FRESHNESS
0x165BD4C5,SET_ACTOR_MAX_HEALTH
0x9CB01B27,SET_ACTOR_MAX_SPEED
0x950B8870,SET_ACTOR_MAX_SPEED_ABSOLUTE
0xA854EE99,SET_ACTOR_MIN_SPEED
0x4D4A7340,SET_ACTOR_MIN_SPEED_ABSOLUTE
0xECEE9E20,SET_ACTOR_MOVABLE_NAV_MESH
0x32CB0E86,SET_ACTOR_MOVE_CONFLICT_ALLOWED_TO_RUN_OVER_SMALL_ANIMALS
0x7A746D3A,SET_ACTOR_MOVE_CONFLICT_HIGH_PRIORITY
0xED3071A5,SET_ACTOR_OBEY_AMBIENT_MOVE_RESTRICTIONS
0xA23F2150,SET_ACTOR_OBSERVED_TARGETED_REACTIONS
0xCDC686B2,SET_ACTOR_ONE_SHOT_DEATH
0x2A9FD09F,SET_ACTOR_PASSED_OUT
0xB4CD475D,SET_ACTOR_PERMANENT
0x708D9BD3,SET_ACTOR_POSTURE
0xA5875DC8,SET_ACTOR_PROOF
0x19F3CB6B,SET_ACTOR_RIDEABLE
0x199600FA,SET_ACTOR_SHOULD_TAUNT
0x9D789310,SET_ACTOR_SPEED
0x1229C536,SET_ACTOR_STAY_OUTSIDE_OF_VOLUME
0x6A4A1699,SET_ACTOR_STAY_WITHIN_VOLUME
0xE9D86A7A,SET_ACTOR_TIME_OF_LAST_CRIME
0xD9A35F60,SET_ACTOR_UNKILLABLE
0x44C05EF6,SET_ACTOR_UPDATE_PRIORITY
0xF8F3FE84,SET_ACTOR_VISION_FIELD_OF_VIEW
0x4E3E9B70,SET_ACTOR_VISION_MAX_RANGE
0x8D5175A8,SET_ACTOR_VISION_XRAY
0x8B46B294,SET_ACTOR_VOLUME_PARAMETERS
0x18BA1216,SET_ACTOR_WEAPON_REACTION_ACTOR_TYPE
0xD9934D6E,SET_ACTOR_WEAPON_REACTION_NO_FLEE_HACK
0xA4677DD2,SET_ALLOW_COLD_WEATHER_BREATH
0xA1BFC1A5,SET_ALLOW_DEADEYE_LOCKS
0x5896817B,SET_ALLOW_EXECUTE
0x5D5BD1F0,SET_ALLOW_JACK
0x7A11D611,SET_ALLOW_LASSO_MINI_GAME
0x740B78A8,SET_ALLOW_MELEE_SPECIAL_MOVE
0xF83A8D2B,SET_ALLOW_RIDE
0x2D9C0C0F,SET_ALLOW_RIDE_BY_AI
0xCF1A1BC5,SET_ALLOW_RIDE_BY_PLAYER
0xBD2EA1A1,SET_AMBIENT_VOICE_NAME
0x2B403538,SET_ANIMAL_CAN_ATTACK
0x39C1E1C0,SET_ANIM_SET_FOR_ACTOR
0xA29B9458,SET_AUTO_CONVERSATION_LOOK
0xA2B8A736,SET_BLIP_COLOR
0xA9A01C70,SET_BLIP_FLAG
0xBC05EBB3,SET_BLIP_IMPAIRMENT_MASK
0xDC249B12,SET_BLIP_NAME
0xB2EAF8DD,SET_BLIP_POS
0xCE87DA6F,SET_BLIP_PRIORITY
0x1E6EC434,SET_BLIP_SCALE
0x9318D3D2,SET_BLIP_VISIBLE
0x987FD4F6,SET_BRIDGE_STIFFNESS
0x3A07F60F,SET_CAMERASHOT_COLLISION_ENABLED
0xF70817E0,SET_CAMERASHOT_COLLISION_PARAMETERS
0x21B099AB,SET_CAMERASHOT_DIRECTION
0x6BA86494,SET_CAMERASHOT_FAR_CLIP_PLANE
0x635E5494,SET_CAMERASHOT_FOV
0x6F483443,SET_CAMERASHOT_FROM_LENS
0x4387CDAB,SET_CAMERASHOT_NEAR_CLIP_PLANE
0x4FD679BD,SET_CAMERASHOT_ORIENTATION
0xD8D27321,SET_CAMERASHOT_PERSPECTIVE
0xEA022F50,SET_CAMERASHOT_POSITION
0xEB9E1CB9,SET_CAMERASHOT_TARGETDOF_CUTOFF_DISTANCE
0x243CF01F,SET_CAMERASHOT_TARGETDOF_FILTERTYPE
0xEF0AB304,SET_CAMERASHOT_TARGETDOF_FIXED_DISTANCE
0xAD506150,SET_CAMERASHOT_TARGETDOF_FOCAL_LENGTH
0x9E618676,SET_CAMERASHOT_TARGETDOF_FSTOP
0xB6BDCF62,SET_CAMERASHOT_TARGETDOF_OBJECT
0x74168B5F,SET_CAMERASHOT_TARGETDOF_SMOOTHING
0x87B8DCE0,SET_CAMERASHOT_TARGETDOF_TARGET_OFFSET
0x370451C0,SET_CAMERASHOT_TARGETDOF_USING_SOFT_DOF
0x3F719473,SET_CAMERASHOT_TARGET_OBJECT
0x839E9502,SET_CAMERASHOT_TARGET_OBJECT_OFFSETS
0x8014323A,SET_CAMERASHOT_TARGET_OBJECT_ROLL
0xD6EC5D50,SET_CAMERASHOT_TARGET_POSITION
0xFAEE2667,SET_CAMERA_ASPECT_RATIO
0x7DA71AA7,SET_CAMERA_COLLISION_ENABLED
0xB8FAD252,SET_CAMERA_COLLISION_PARAMETERS
0xA8642E5E,SET_CAMERA_DIRECTION
0xD85EF521,SET_CAMERA_FAR_CLIP_PLANE
0x78D29E49,SET_CAMERA_FOCUS_ENABLED
0x48C3D85A,SET_CAMERA_FOCUS_OBJECT
0x6FDE0A8C,SET_CAMERA_FOCUS_PLAYER_INPUT_DISABLED
0x4A3AE626,SET_CAMERA_FOCUS_PLAYER_INVULNERABLE
0x2148298D,SET_CAMERA_FOCUS_PROMPT_ENABLED
0x21633E5F,SET_CAMERA_FOCUS_PROMPT_TEXT
0x57E3242D,SET_CAMERA_FOV
0x7C864F17,SET_CAMERA_LIGHTING_SCHEME
0x1D29E72A,SET_CAMERA_NEAR_CLIP_PLANE
0x486F4461,SET_CAMERA_ORIENTATION
0xB12CD8C0,SET_CAMERA_POSITION
0x7F1C5102,SET_CAMERA_TARGETDOF_USING_SOFT_DOF
0xDBD1AE22,SET_CAMERA_TARGET_OBJECT
0x298BCCA5,SET_CAMERA_TARGET_POSITION
0xCC14DC8D,SET_CRIME_COUNTER
0xBA02916B,SET_CRIME_CRIMINAL
0xD60B8F77,SET_CRIME_OBJECTSET
0xB3F4043B,SET_CRIME_POSITION
0x85425011,SET_CRIME_TYPE
0x3AD31762,SET_CRIPPLE_ENABLE
0xA9A99DF0,SET_CRIPPLE_FLAG
0x3EA55678,SET_CURRENT_CAMERA_ON_CHANNEL
0x14C7C290,SET_CURRENT_MAP
0xF74B5ADE,SET_CUTSCENEINPUTS_TARGET_GUID
0x18643DC2,SET_CUTSCENEOBJECT_PAUSED
0x39D1CC17,SET_CUTSCENE_STREAMING_LOAD_SCENE
0xD583DAF0,SET_DEADEYE_DAMAGE_SCALING
0xA671FF8E,SET_DEADEYE_INVULNERABILITY
0x9375946B,SET_DEADEYE_LOCKS_ON_HEAD_ONLY
0x4E6E5E78,SET_DEADEYE_MULTILOCK_ENABLE
0x486955B0,SET_DEADEYE_POINT_MODIFIER
0x415EE4C0,SET_DEADEYE_REGENERATION_RATE
0x151741A2,SET_DEADEYE_REGENERATION_RATE_MULTIPLIER
0x5CD6E2C3,SET_DEADEYE_TARGETPAINT_ENABLE
0x5740CDC2,SET_DEADEYE_TIMESCALE
0x97169510,SET_DISABLE_DEADEYE
0xD3300956,SET_DOOR_AUTO_CLOSE
0x5BCFC899,SET_DOOR_CURRENT_SPEED
0x184924E2,SET_DOOR_LOCK
0xE6644CE5,SET_DRAW_ACTOR
0xC5A886DC,SET_DRAW_OBJECT
0x3E5C3C2D,SET_DUEL_DIFFICULTY
0x1D1D9387,SET_EMOTION
0xE6604B39,SET_EQUIP_SLOT_ENABLED
0x6398AF9A,SET_EXCLUSIVE_JOURNAL_ID
0xDCB960C5,SET_FACTION_IS_LAWFUL_TO_ATTACK
0xBC44D31D,SET_FACTION_STATUS_TO_INDIVIDUAL_ACTOR
0x463F75F8,SET_FACTION_TO_FACTION_ACCURACY_SCALE_FACTOR
0xA9A18E5A,SET_FACTION_TO_FACTION_DAMAGE_SCALE_FACTOR
0x1CFAF2EA,SET_FORCE_PLAYER_AIM_MODE
0xD82F910C,SET_GPS_PATH
0xFA2B916E,SET_HOGTIE_ATTACH_VICTIM
0xC0BC04E0,SET_INFINITE_DEADEYE
0x539D0404,SET_JOURNAL_ENTRY_DETAIL_STYLE
0xF7687D41,SET_JOURNAL_ENTRY_DISALLOW_TRACKING
0x5DC073DE,SET_JOURNAL_ENTRY_PROGRESS
0x5CB9D376,SET_JOURNAL_ENTRY_TROPHY
0xCD4633BD,SET_JOURNAL_ENTRY_UPDATED
0xA192D090,SET_LINKED_ANIM_TARGET
0x33BD1A80,SET_LOCAL_PLAYER_PAIN_VOICE
0xF0D28043,SET_LOCAL_PLAYER_VOICE
0x526D45B7,SET_MAX_DEADEYE_POINTS
0x3B417D4E,SET_MISSION_INFO
0xAF2CB00S,SET_MOST_RECENT_MOUNT
0x13E6B5EE,SET_MOVER_FROZEN
0x5CFE1E90,SET_NPC_TO_ACTOR_DAMAGE_SCALE_FACTOR
0xB9D7B63B,SET_OBJECT_ANIMATOR_NODE
0xC0128653,SET_OBJECT_ANIMATOR_PHASE
0xB4D9AFA0,SET_OBJECT_ANIMATOR_RATE
0xC8A4EE74,SET_OBJECT_ORIENTATION
0xC5D796F8,SET_OBJECT_POSITION
0x5941295A,SET_PANIM_PARAMS
0x94431F5A,SET_PANIM_PHASE
0x9B71351C,SET_PAUSE_SCRIPT
0x366B0AD1,SET_PERS_CHAR_ALLOW_SPAWN_ELSEWHERE
0xC85CFEA9,SET_PERS_CHAR_ENABLED
0x2A709F33,SET_PERS_CHAR_EXEMPT_FROM_AMBIENT_RESTRICTIONS
0xEA08A934,SET_PLAYER_ALLOW_PICKUP
0x634B4D10,SET_PLAYER_CAUSE_WEAPON_REACTIONS
0xFFDA2D88,SET_PLAYER_CAUSE_WEAPON_REACTION_COMBAT
0x57595189,SET_PLAYER_COMBATMODE
0xD17AFCD8,SET_PLAYER_CONTROL
0x1B84BCA0,SET_PLAYER_CONTROL_CONFIG
0x4590CE00,SET_PLAYER_CONTROL_RUMBLE
0xB6A47C37,SET_PLAYER_DEADEYE_MODE
0x50D8C840,SET_PLAYER_DEADEYE_POINTS
0x959C27A0,SET_PLAYER_DISABLE_TARGETING
0xBEEDDD54,SET_PLAYER_ENABLE_MOUNT_USE_CONTEXTS
0xD0E08B5E,SET_PLAYER_ENDLESS_READYMODE
0xAC1285A3,SET_PLAYER_MELEE_MODE_SELECTED
0xE1160B04,SET_PLAYER_VEHICLE_INPUT
0xDC835430,SET_PROP_AI_OBSTACLE_ENABLED
0x7DBB277A,SET_PROP_FIXED
0xC6D12FF5,SET_PROP_HEALTH
0x32C810BF,SET_PROP_TARGETABLE
0xE84EB2D5,SET_PROP_TARGETABLE_ACQUISITION_RADIUS
0x5895EBBE,SET_PROP_TARGETABLE_AS_ENEMY
0xE2B02120,SET_PROP_TARGETABLE_SCORE_BIAS
0x6A937CBB,SET_PROP_TARGETABLE_TARGET_BOX_SIZE
0x28425D8C,SET_PROP_VELOCITY
0xC9F3981D,SET_PROP_VELOCITY_ON_AXIS
0xB788D24A,SET_RAIN_AMOUNT
0xE4AA7B35,SET_RCM_WAS_JOHN_NOW_JACK
0xF90F737E,SET_REACT_NODE_FOR_ACTOR
0x7BDCBD45,SET_RICH_PRESENCE
0xED3ADF67,SET_SECTOR_PROPS_SUPER_LOCKED
0x750ADBE5,SET_SLEEP_TOLERANCE
0xCB931200,SET_START_POS
0x73DA6AF1,SET_STAT_MESSAGE
0xAD03186C,SET_TIME_OF_DAY
0xD93E1BCB,SET_TIME_WARP
0x2A575132,SET_TOUGH_ACTOR
0x22A746E1,SET_TRANSITION_COLLISION_PARAMS
0x55A56DF8,SET_VEHICLE_ALLOWED_TO_DRIVE
0xABD83C00,SET_VEHICLE_EJECTION_ENABLED
0x14D5CFC3,SET_VOLUME_ENABLED
0x456D7F38,SET_WEATHER
0xC157CA40,SET_WEATHER_COMPLEX
0xC6294698,SET_WIND
0xFC30948B,SET_ZONE_POPULATION_TYPE
0x314CC6CD,SHIFT_LEFT
0x352633CA,SHIFT_RIGHT
0x342FDCD6,SHOW_PHYSINST
0xD77CC340,SIMULATE_PLAYER_INPUT_GAIT
0x5A25520E,SNAPSHOT_GLOBALS
0xD0A845E9,SNAP_ACTOR_TO_GRINGO
0x145C7701,SQRT
0x6BC42101,SQUAD_BATTLE_ALLIES_SET_FORMATION_DENSITY
0x907D4081,SQUAD_BATTLE_ALLIES_SET_OBJECTIVE
0x1F0E5B88,SQUAD_FLOCK_ADD_EXTERNAL_ALERT
0x895AA97B,SQUAD_FLOCK_ADD_EXTERNAL_ATTRACTION_PATH
0x53609885,SQUAD_FLOCK_ADD_EXTERNAL_REPULSION
0x5A43D915,SQUAD_FLOCK_EVENT_BOOST_SET_ENABLED
0xE4E94286,SQUAD_FLOCK_PLAYER_PROXIMITY_BOOST_SET_ENABLED
0x6770774F,SQUAD_FLOCK_PLAYER_WHISTLE_BOOST_SET_ENABLED
0xFC24BB6A,SQUAD_FLOCK_SET_ALLOW_STRAGGLERS
0x224CFE5B,SQUAD_FLOCK_SET_EXTERNAL_MOVEMENT_TUNING
0x3F9736B8,SQUAD_FLOCK_SET_FLOCKING_PARAMETER
0x5C14EC4E,SQUAD_FOLLOW_PATH_IN_FORMATION_SET_BEHAVIOR_FLAG
0xA8A50DF5,SQUAD_FOLLOW_PATH_IN_FORMATION_SET_DESIRED_LEADER
0x8BE72016,SQUAD_FOLLOW_PATH_IN_FORMATION_SET_NONSTOP
0x6FB2CADA,SQUAD_FOLLOW_PATH_IN_FORMATION_SET_PATH
0x437E2995,SQUAD_FOLLOW_PATH_IN_FORMATION_SET_SPEED
0x7B681402,SQUAD_FOLLOW_PATH_IN_FORMATION_SET_SPEED_ABSOLUTE
0xD618C1C7,SQUAD_FOLLOW_PATH_IN_FORMATION_SET_SPEED_NORMALIZED
0x41C08020,SQUAD_FOLLOW_TRAFFIC_CURVE_ENQUEUE_CURVE
0x8DC095B0,SQUAD_FOLLOW_TRAFFIC_CURVE_IS_CURVE_ALREADY_IN_LIST
0x7FEE2B3C,SQUAD_FOLLOW_TRAFFIC_CURVE_SET_BEHAVIOR_FLAG
0x8C8EEEF2,SQUAD_FOLLOW_TRAFFIC_CURVE_SET_TASK_PRIORITY
0x5126039A,SQUAD_GET_ACTOR_BY_INDEX
0xEEC83187,SQUAD_GET_SIZE
0x65888454,SQUAD_GOAL_ADD_BATTLE_ALLIES
0xD52A28F0,SQUAD_GOAL_ADD_BATTLE_DEFEND_VOLUME
0x9D3B103C,SQUAD_GOAL_ADD_FLOCK
0x750C1A2B,SQUAD_GOAL_ADD_FOLLOW_PATH_IN_FORMATION
0xE77B9FC0,SQUAD_GOAL_ADD_FOLLOW_TRAFFIC_CURVE
0x83D78A49,SQUAD_GOAL_ADD_GENERAL_TASK
0xA2AE53BD,SQUAD_GOAL_ADD_MEET_AT_POSITION
0x5F4DEC49,SQUAD_GOAL_ADD_STAY_OUTSIDE_OF_VOLUME
0xE775EF0D,SQUAD_GOAL_ADD_STAY_WITHIN_VOLUME
0x1B74CCA1,SQUAD_GOAL_LINK_MODIFIER_TO_OTHER_GOAL
0xE7D45FB3,SQUAD_SET_NOT_ELIMINATED_IMPAIRMENT_MASK
0xE96A0318,START_OBJECT_ITERATOR
0xE5DE7D9D,START_SCRIPT_CONVERSATION
0xFF92B49D,STOP_PED_SPEAKING
0xCD7F4030,STOP_SOUND
0xBEABC729,STREAMING_ENABLE_FORCE_FRAGMENT_HIGH_LOD
0x6661CF89,STREAMING_EVICT_ACTOR
0x7D432781,STREAMING_EVICT_ALL
0xA02B6AAE,STREAMING_EVICT_GRINGO
0xA8D12960,STREAMING_EVICT_PROP
0x570163E2,STREAMING_EVICT_SCRIPT
0x7DF72579,STREAMING_IS_ACTOR_LOADED
0xA6C9DCEA,STREAMING_IS_GRINGO_LOADED
0x8A0D3339,STREAMING_IS_MOVABLE_NAV_MESH_RESIDENT
0xF7D65903,STREAMING_IS_PROPSET_LOADED
0xD7F80035,STREAMING_IS_PROP_LOADED
0xB5B4AEAD,STREAMING_IS_SCRIPT_LOADED
0x87B74064,STREAMING_IS_WORLD_LOADED
0xB0A79FEE,STREAMING_REQUEST_ACTOR
0x563E2E79,STREAMING_REQUEST_GRINGO
0x63334F63,STREAMING_REQUEST_MOVABLE_NAV_MESH
0x38DC1F50,STREAMING_REQUEST_PROP
0xEC1F14C8,STREAMING_REQUEST_PROPSET
0x11E57A92,STREAMING_REQUEST_SCRIPT
0x20FF1AF6,STREAMING_SET_CUSTCENE_MODE
0xC329E1DB,STREAMING_UNREQUEST_MOVABLE_NAV_MESH
0xFCAFC819,STRING_CONTAINS_STRING
0x6CE4B233,STRING_LENGTH
0x590A8160,STRING_TO_INT
0x17D270E0,SUSPEND_MOVER
0xC3DC9490,TARGET_JOURNAL_ENTRY
0xE32F09B3,TASK_ACTION_PERFORM
0x3F20B619,TASK_ACTION_PERFORM_AT_POSITION
0xEACE773D,TASK_ANIMAL_CIRCLE_AGGRESSIVELY
0x7ED7676D,TASK_ANIMAL_FOLLOW_AGGRESSIVELY
0xD9B07798,TASK_ANIMAL_HUNT
0xF54E4D45,TASK_ANIMAL_PATROL
0x4730AC93,TASK_BIRD_FLY_NEAR_COORD
0xAD0E49E3,TASK_BIRD_LAND_AT_COORD
0x2C5F5E1B,TASK_BIRD_SOAR
0x69CCFD7C,TASK_BIRD_SOAR_AT_COORD
0x16876A25,TASK_CLEAR
0x616C803C,TASK_CROUCH
0x5DEF5C4A,TASK_DISMOUNT
0xECAD08C7,TASK_DIVE
0xDB5F6B35,TASK_DRAW_HOLSTER_WEAPON
0x9F3B5B47,TASK_FACE_ACTOR
0x31B598FB,TASK_FACE_COORD
0x26EBE467,TASK_FAILURE_MODE_SET
0x2CF32A98,TASK_FLEE_ACTOR
0xCD5E23C3,TASK_FLEE_ACTORSET
0x826D3459,TASK_FLEE_COORD
0x12F0911A,TASK_FOLLOW_ACTOR
0xDA646464,TASK_FOLLOW_AND_ATTACK_OBJECT
0x467D0FD5,TASK_FOLLOW_AND_ATTACK_OBJECT_ALONG_PATH
0xFF3E3DCE,TASK_FOLLOW_OBJECT
0x626C97D5,TASK_FOLLOW_OBJECT_ALONG_PATH
0x75A4E05E,TASK_FOLLOW_OBJECT_AT_DISTANCE
0x973DCC5B,TASK_FOLLOW_PATH
0xCC8B2ECC,TASK_FOLLOW_PATH_FROM_POINT
0x3EB7590C,TASK_GO_NEAR_ACTOR
0xF7B01E74,TASK_GO_NEAR_ACTORSET
0x55EC940B,TASK_GO_NEAR_COORD
0x5EA4F1FE,TASK_GO_NEAR_OBJECT
0x8C574832,TASK_GO_TO_COORD
0x8636587A,TASK_GO_TO_COORD_AND_STAY
0xD62D6CE5,TASK_GO_TO_COORD_NONSTOP
0x6BDB3257,TASK_GO_TO_COORD_PRECISELY
0xAA3E5851,TASK_GO_TO_COORD_USING_MATERIAL
0x1BACD080,TASK_GO_TO_OBJECT
0x1AF7CE0E,TASK_GUARD_PATROL_AUTO
0xFA5BB172,TASK_GUARD_PATROL_PATH
0x99F65CC0,TASK_GUARD_STAND
0xAB8B96A5,TASK_HIDE_AT_COVER
0x916FF236,TASK_HORSE_ACTION
0x97BDA4C8,TASK_JUMP_OVER_OBSTRUCTION
0x46A326E6,TASK_JUMP_TO_OBJECT
0x1AE4B75B,TASK_KILL_CHAR
0x4FEADDD9,TASK_MELEE_ATTACK
0xB6131204,TASK_MOUNT
0x9B9C8628,TASK_OVERRIDE_CLEAR_MOVETYPE
0x5394CF3B,TASK_OVERRIDE_CLEAR_POSTURE
0xCE843315,TASK_OVERRIDE_SET_MOVESPEED_ABSOLUTE
0x96F3BD31,TASK_OVERRIDE_SET_MOVESPEED_NORMALIZED
0x172477F0,TASK_OVERRIDE_SET_MOVETYPE
0x52D34567,TASK_OVERRIDE_SET_POSTURE
0xAD3729AD,TASK_POINT_GUN_AT_COORD
0x95C206C2,TASK_POINT_GUN_AT_OBJECT
0x3A95A656,TASK_PRIORITY_SET
0x69B924A7,TASK_RESPOND_TO_HORSE_WHISTLE
0xD9B57910,TASK_SEARCH_FOR_OBJECT
0xE1C8A1B3,TASK_SEEK_COVER_FROM_ACTOR
0x9EE3053B,TASK_SEQUENCE_CLOSE
0x8DA34524,TASK_SEQUENCE_OPEN
0x2DF2298C,TASK_SEQUENCE_PERFORM
0xA7A50E4D,TASK_SEQUENCE_PERFORM_REPEATEDLY
0xB2D35E22,TASK_SEQUENCE_RELEASE
0x601C22E3,TASK_SHOOT_AT_COORD
0x7B5FC704,TASK_SHOOT_AT_COORD_FROM_POSITION
0x3C9875E5,TASK_SHOOT_ENEMIES_FROM_ANY_COVER
0xCE584BCF,TASK_SHOOT_ENEMIES_FROM_COVER
0xCF8DB984,TASK_SHOOT_ENEMIES_FROM_POSITION
0x1813667D,TASK_SHOOT_ENEMIES_FROM_PREFERRED_COVER
0x506B8205,TASK_SHOOT_FROM_COVER
0x326316DC,TASK_SHOOT_FROM_POSITION
0x6F80965D,TASK_STAND_STILL
0x5DD80BEF,TASK_SURROUND_ACTOR
0x9043D092,TASK_TAUNT_ACTOR
0x30FB1FA0,TASK_TAUNT_ACTOR_IN_PLACE
0xA0E003A7,TASK_USE_GRINGO
0xC41AAF49,TASK_USE_LASSO
0x6484F21E,TASK_USE_TURRET
0x3B8DBA13,TASK_USE_TURRET_AGAINST_COORD
0x49EC6A04,TASK_USE_TURRET_AGAINST_OBJECT
0xB2CD5160,TASK_VEHICLE_ENTER
0xDC087173,TASK_VEHICLE_ENTER_SPECIFIC_LOCATION
0x6C1218A4,TASK_VEHICLE_LEAVE
0x17BCA08E,TASK_WANDER
0x6840D3C1,TASK_WANDER_IN_BOX
0xA5F2BFAA,TASK_WANDER_IN_VOLUME
0x2D54B916,TELEPORT_ACTOR
0xE4DE507C,TELEPORT_ACTOR_WITH_HEADING
0x245B6AB6,TERMINATE_THIS_SCRIPT
0x50597EE2,TIMESTEP
0x4F605632,TOGGLE_ACTOR_ACTION_SIGNAL_OFF
0x415F9BC3,TOGGLE_ACTOR_ACTION_SIGNAL_ON
0x288E4BFB,TOGGLE_COVER_PROPS
0x4AD89F02,TOUGH_ARMOUR_GET_TUNING_REGENERATION_RATE
0x11542587,TOUGH_ARMOUR_SET_TUNING_HIT_DEDUCTION
0xDCB9C943,TOUGH_ARMOUR_SET_TUNING_PAD_ARMOUR
0xB3F5EE8C,TOUGH_ARMOUR_SET_TUNING_REGENERATION_RATE
0x67116627,TO_FLOAT
0x8533AC9D,TRAIN_CREATE_NEW_TRAIN
0x2040FB19,TRAIN_DESTROY_CAR
0x74CECEB3,TRAIN_DESTROY_TRAIN
0x41EF2EED,TRAIN_GET_CAR
0x6FC1847D,TRAIN_GET_NEAREST_POI_DISTANCE
0xFB2F9989,TRAIN_GET_NUM_CARS
0x6D055AB0,TRAIN_GET_POSITION
0xF2373407,TRAIN_GET_VELOCITY
0x87082991,TRAIN_RELEASE_TRAIN
0x6C62C522,TRAIN_SET_ENGINE_ENABLED
0xB5383B93,TRAIN_SET_MAX_ACCEL
0xB7A4D403,TRAIN_SET_MAX_DECEL
0x9C488CB3,TRAIN_SET_POSITION_DIRECTION
0x9D93961C,TRAIN_SET_SPEED
0x9091E0A3,TRAIN_SET_TARGET_POS
0xEA2A8B79,TRAIN_SET_TARGET_SPEED
0x8B63A008,UI_GET_SELECTED_INDEX
0xBF2CD820,UNPAUSE_GAME
0x66728EFE,UNREGISTER_SCRIPT_WITH_AUDIO
0x86066A65,UPDATE_AIMRAMP
0xC85DEF1F,VDIST2
0x3C08ECB7,VDIST
0x1FCF1ECD,VMAG
0x13530581,VSCALE
0x7715C03B,WAIT
0x971559CA,WAS_SCRIPT_USE_CONTEXT_EVER_PRESSED
0x229585E0,SET_CAMERASHOT_CONTROL_SEQUENCE_VEC3
0x9591A996,TASK_FOLLOW_PATH_FROM_NEAREST_POINT
0xDD31EC4E,GET_MOUNT
0x63D13FB0,GET_DAY
0x86E193B8,GET_PLAYER_COMBATMODE
0xE09DE8A0,GET_OBJECTSET_SIZE
0x294A5549,GET_ACTOR_AXIS
0xCE412E46,GET_OBJECT_AXIS
0xD2FD7CB6,GET_CRIME_VICTIM
0xE2FE0673,GET_CRIME_FACTION
0xA24F4799,GET_ACTORSET_SIZE
0xD8E0EF01,TRAIN_GET_LOD_LEVEL
0x43E6DCAC,TRAIN_FORCE_HIGH_LOD
0x32A3A7AE,CREATE_STAT
0x6CA53214,CREATE_LAYOUT
0xAF1D570B,CREATE_POPULATION_SET
0xBB05B731,CREATE_ZONE_VOLUME
0xC94CC336,CREATE_WORLD_SECTOR
0x11069324,CREATE_OBJECT_LOCATOR
0x856D5842,CREATE_OBJECT_ANIMATOR
0xE2F41226,CREATE_NAV_QUERY
0xE4442AB2,START_VEHICLE
0x9AA02DA7,REQUEST_ASSET
0xD4478780,REQUEST_FIXED_CORPSE
0x4A5E4C13,STREAMING_EVICT_PROPSET
0x83088F62,STREAMING_SET_CUTSCENE_MODE
0x8D67F397,CREATE_ACTOR_IN_LAYOUT
0xB62D549E,GRINGO_RETURN_ACTOR_TO_DEFAULT_ANIMS
0x2C6A5FAC,SET_RCM_ACTOR_CALL_OVER_ENABLE
0x7B19DEC6,IS_ACTION_NODE_PLAYING
0x4EFFFC06,HUD_IS_FADED
0xA0773F5C,DECOR_CHECK_EXIST
0xE1421B42,ATTACH_OBJECTS
0xB6506558,ATTACH_OBJECTS_USING_LOCATOR
0xD79C7D6A,CUTSCENE_MANAGER_GET_INITIAL_STREAMING_LOAD_SCENE_EXT
0xD8BE8E0C,WOULD_ACTOR_BE_VISIBLE
0xB52A3D48,GET_AMBIENT_LAYOUT
0x17FC65A4,GET_FORMATION_LOCATION
0xD3E16075,GET_AMMO_ENUM
0xD938B523,GET_EVENT_LAYOUT
0x42C0FAAA,GET_WEAPON_EQUIPPED
0xC87F16A8,GET_TIME_ACCELERATION
0x34A9866B,GET_SLOT_FACING
0xC52F07A8,GET_TOTAL_MINUTES
0x8D5609F2,GET_VOLUME_HEADING
0xE1007398,GET_CURVE_TYPE
0x9A933060,GET_CURVE_NAME
0x1CDF1EC4,GET_CURVE_POINT
0xBADE22A2,GET_LAYOUT_NAME
0x6AC01FCB,GET_ACTORENUM_SPECIES
0x17B69196,GET_PHYSINST_VELOCITY
0x12AA009F,GET_ITERATOR_PARENT
0x48D5121D,GET_DRAFT_ACTOR
0x6B33CBCC,GET_RADAR_RADIUS
0xB59AD5B1,GET_LOCKON_MISSION
0xD91ED898,GET_ITEM_COUNT
0x6E189771,GET_PROFILE_TIME
0xEBBDC340,SET_DAY
0x3BD4426B,SET_PLAYER_POSTURE
0x5D37C383,SET_AUTO_WIND
0x7B917033,SET_CRIME_VICTIM
0x1E552B26,SET_CRIME_FACTION
0xB98C7AA5,SET_TIME_ACCELERATION
0x4B8C8C60,SET_BLIP_BLINK
0x8E387228,SET_INDICATOR_DRAW
0x505A8057,SET_DEBUG_DRAW
0xFEC1CBC6,SET_VOLUME_PARAMS
0x74460602,SET_CURVE_ACTIVE
0xA7BB9E5E,SET_CURVE_WEIGHT
0x5720BF8A,SET_CORPSE_PERMANENT
0x2C0AF634,SET_PHYSINST_FROZEN
0xA543B120,SET_DEADEYE_BLINK
0xA07FE740,SET_RADAR_STREAMING
0x39F2E5F1,SET_STAMINA_BLINK
0xBD0C1BEA,SET_VEHICLE_PASSENGERS_ALLOWED
0x462B5FDF,SET_VEHICLE_ENGINE_RUNNING
0xDCAE6935,SET_VEHICLE_APPOINTMENT_TARGET
0x2243EA59,GET_OBJECT_RELATIVE_POSITION
0x919583DC,GET_OBJECT_RELATIVE_ORIENTATION
0x15CDF203,GET_OBJECT_RELATIVE_OFFSET
0x667DA125,NET_GET_SCRIPT_STATUS
0xC4F9DA6E,NET_GET_POSSE_COUNT
0xFF8DA25D,NET_GET_NET_TIME
0xD2680017,GRINGO_GET_ATTRIBUTE_HASH
0x14E53D6F,GRINGO_GET_COMPONENT_HASH
0x39B7D772,GRINGO_GET_ATTRIBUTE_COUNT
0xBD503DC2,IS_GRINGO_COMPONENT_VALID
0x8257A916,IS_VEHICLE_ENGINE_RUNNING
0x767E08D0,DESTROY_CAMERA
0xD62F3D27,DESTROY_ZONE
0xE9AB08C0,DESTROY_CRIME
0x3A71A589,DESTROY_OBJECTSET
0x8BD21869,DESTROY_ACTOR
0x21144994,DESTROY_OBJECT
0x8CAB944F,DESTROY_VOLUME
0xC1756F39,DESTROY_LAYOUT
0x147A0BEE,DESTROY_ACTORSET
0xE284A10C,DESTROY_ITERATOR
0x59C2DC62,DESTROY_CAMERA_SHOT
0xD064878D,DESTROY_POPULATION_SET
0x1E5A227A,DESTROY_OBJECT_ANIMATOR
0xFC261530,DESTROY_OBJECT_GLOW
0x6BC96263,DESTROY_POINT_LIGHT
0x8E101F5C,DECOR_SET_BOOL
0xDB718B21,DECOR_SET_INT
0x53D3FB4A,DECOR_SET_STRING
0xBC7BD5CB,DECOR_SET_FLOAT
0x44F8BCC5,DECOR_SET_OBJECT
0xAAED0B69,DECOR_SET_VECTOR
0xDBCE51E0,DECOR_GET_BOOL
0xDDDE59B5,DECOR_GET_INT
0x8DE5382F,DECOR_GET_FLOAT
0x24F2E859,DECOR_GET_OBJECT
0x56E84C59,DECOR_GET_VECTOR
0xFDB9E349,DECOR_REMOVE_ALL
0xEDF99C77,DECOR_CHECK_STRING
0x2E0EC2F2,PLAYER_RUMBLE
0xE0E2640B,DECOR_REMOVE
0x807C9D01,CLEAR_PLAYER_BLOOD
0x68D4A021,CLEAR_LAST_ATTACK
0x8D696237,CLEAR_LAST_HIT
0xD077D8B6,CLEAR_GPS_PATH
0x906E0138,CLEAR_STAT_MESSAGE
0x2092A6E0,CLEAR_MISSION_INFO
0xFEB74094,CLEAR_ACTORS_HORSE
0x1A676EDF,CLEAR_CHARACTER_BLOOD
0xE8184916,START_MINIGAME
0x7C5901EF,LOAD_GAME
0x9C5D8D50,SAVE_GAME
0x234F9320,LOAD_SOFT_SAVE
0x8F4B5B80,LOAD_AUDIO_BANK
0x82B4DCCE,REQUEST_STRING_TABLE
0x12D77EEC,HAS_STRING_TABLE_LOADED
0x81F984F8,RELEASE_VOLUME
0xD9AC8830,RELEASE_LAYOUT_REF
0xE78E66F0,RELEASE_LAYOUT_OBJECTS
0xB511D087,DISABLE_WORLD_SECTOR
0x9E1AE585,DISABLE_CHILD_SECTOR
0xC9212F76,UPDATE_STAT
0xF2FA1DE8,UPDATE_PROFILE_STAT
0xC46DAB30,ENABLE_CURVE
0x6AC8234D,ENABLE_VEHICLE_SEAT
0xAD5613FD,ENABLE_WORLD_SECTOR
0x7ECE15BE,ENABLE_CHILD_SECTOR
0x957F1618,ENABLE_JOURNAL_REPLAY
0x17BCED9F,ENABLE_WEATHER_SPHERE
0xE7829D28,REMOVE_ASSET
0xF05D1566,ADD_COLLECTABLE
0xBAA5D41B,ADD_ITEM
0xBA4FEEBC,ADD_TIME
0x5889EBB7,REMOVE_COLLECTABLE
0x43BE70B5,STRING_TO_FLOAT
0x84415E28,STRING_TO_HASH
0xBDB3061E,SQUAD_IS_VALID
0xCA746CD2,END_CURRENT_MINIGAME
0x1958F478,END_SCRIPTED_REQUEST
0xB426267D,HAS_ITEM
0xC38F6970,HAS_ACCESSORY
0xCE956B28,CAMERA_RESET
0x678A8650,NET_IS_BUSY
0xC8B680B3,NET_IS_UNLOCKED
0x110A9B2F,NET_IS_PLAYER_PARTICIPANT
0x8CA54980,NET_IS_IN_SESSION
0xCDAC0F0E,NET_IS_SESSION_HOST
0xD12C55A5,NET_IS_OBJECT_LOCAL
0x1CAD6D29,NET_IS_POSSE_LEADER
0x5FF2BAE0,NET_IS_ONLINE_AVAILABLE
0x80B20614,NET_IS_FACTION_SAFE
0x31700C0A,NET_GET_NAT_TYPE
0xBC5B2116,STRING_UPPER
0x3E785560,STRING_LOWER
0x7045C4E0,RESET_GAME
0xB3BE2F95,RESET_RUMBLE
0x5E7A7E9B,RESET_PROP
0x2DF89C2E,UI_EXIT
0xCA35BB5E,UI_DEACTIVATE
0x699CC85E,UI_FOCUS
0x182EC44A,UI_SUPPRESS
0x7508E7F3,UI_HIDE
0xC4532F84,UI_DISABLE
0xD11BD55A,UI_ACTIVATE
0xBEE5CF6C,UI_POP
0x594F2657,UI_ENTER
0xE576DCAD,UI_ENABLE
0xD1D1D467,UI_SHOW
0xA0159C77,UI_GOTO
0x209255AD,UI_INCLUDE
0x7ADB2BE7,UI_RESTORE
0x97C5EFC8,UI_PUSH
0xFAC3DF71,UI_REFRESH
0xF71BD93A,UI_SET_MONEY
0x191BA4DF,UI_SET_ICON
0xB89B460U,UI_SET_DATA
0xE457546C,UI_SET_STRING
0xC464D5DD,UI_SET_TEXT
0x1ECD8B18,UI_SET_STYLE
0xCCCFF80B,UI_GET_STRING
0xCBDE38C6,UI_ANIM_SETUP
0x4068D2E4,UI_ANIM_RESTART
0xD0F2D2B6,UI_TRANSITION_TO
0x13F156A4,UI_ADD_CHILD
0x545EC471,UI_HIDE_PROMPT
0xB58825F5,UI_SEND_EVENT
0xEDA84121,UI_SET_STRING_FORMAT
0xA77E0DDF,UI_SET_PROMPT_ICON
0xFA0CF208,UI_SET_PROMPT_STRING
0x6FD03D20,UI_SET_TEXT_HASH
0x195A4286,FIRE_PROJECTILE
0xBBAE9CBD,FIRE_CREATE_HANDLE
0x384BB6AB,VEHICLE_SET_HANDBRAKE
0x64DDB95D,UI_CLEAR_MESSAGE_QUEUE
0xC180A3F0,HUD_ENABLE
0xA81DABA3,SCRIPT_BREAKPOINT
0x5401F0CA,SCRIPT_DONE_LOADING
0x4AE5DBB2,NET_SESSION_LEAVE_SESSION
0x43DEDFAE,ACTOR_GET_WEAPON_AMMO
0x533475AE,GET_OBJECT_ATTACHED_TO
0xEFECF4F9,DELETE_ITEM
0xD6A9C9D4,DELETE_ACCESSORY
0x90328A50,NET_SESSION_GAMER_COUNT
0x90F9555B,CAN_PLAYER_DIE
0xEE3B79EE,NET_SET_THIS_SCRIPT_IS_NET_SCRIPT
0x6D403720,NET_IS_HOST_OF_THIS_SCRIPT
0x9272C3BA,NET_GET_HOST_OF_THIS_SCRIPT
0xF8FC4D00,STREAMING_LOAD_BOUNDS
0xBEBB1870,STREAMING_ENABLE_BOUNDS
0x39E69B1B,STREAMING_UNLOAD_SCENE
0x9A67EC60,STREAMING_UNLOAD_BOUNDS
0xC2232D29,STOP_VEHICLE
0x9544570A,STOP_ALL_FIRES
0x21588246,CREATE_DECAL
0xB1DAEF0C,CLEAR_REGIONS
0x43939FD8,CLEAR_DECALS
0x51948EA6,PRINT_MONEY
0x738FA66B,GRINGO_WAIT
0x4440BCA5,HOGTIE_ACTOR
0xB3732081,SQUAD_GET
0x77591FF0,SQUAD_LEAVE
0xB14302C8,SQUAD_JOIN
0xF7DA8F09,COPY_EVENT
0x60A7FF09,TERMINATE_SCRIPT
0x11EE07B5,CLEAN_OBJECTSET
0x95666EE0,APPEND_REGION
0x48275716,NET_LOG
0x676167C3,LOG_MESSAGE
0xFD25473E,LOG_WARNING
0x906C42FD,LOG_ERROR
0x9C42B7A2,SET_ACTOR_SEX
0x3A207AF2,GET_LAST_HIT_TIME
0x4DF9283F,TRAIN_ENABLE_VISUAL_DEBUG
0x8785E0CE,SS_INIT
0xFD717A47,SS_REGISTER
0xA2D27A1F,SS_GET_STRING_ID
0xBA8077CF,GET_SECOND
0x5EBE0C41,DOF_POP
0x1CF1FCC4,HIDE_STAT
0x5A80659D,EQUIP_ACCESSORY
0x14DCF1EF,SCALE_VOLUME
0x2E5A224C,REMOVE_PHYSINST
0xCB0BDCE9,CANCEL_DEADEYE
0xCEA40973,DEREFERENCE_OBJECT
0x25277BBC,IS_PROP_BROKEN
0xCBA9F32C,IS_DOOR_CLOSING
0x52BB0836,IS_DOOR_OPENING
0x5F655C68,IS_AREA_OBSTRUCTED
0x2C5983E0,IS_USING_TURRET
0xA3AB3708,IS_ACTOR_MOUNTED
0xBC33CEB5,IS_VOLUME_VALID
0x7C858A47,IS_GRINGO_VALID
0x86F2C24D,IS_GRINGO_ACTIVE
0x64BAF32C,IS_POPSET_VALID
0x4A2E7533,IS_HORSES_RELATIVE
0x5E2F718D,IS_FACTION_VALID
0x76E8975E,IS_ACTORSET_VALID
0x16C0A6CB,IS_PHYSINST_VALID
0xAFB1DFA2,IS_PHYSINST_ACTIVE
0x789AA2B2,IS_PHYSINST_FROZEN
0x5A9CC0B0,IS_ITERATOR_VALID
0x117D7E71,IS_MINIGAME_RUNNING
0xE2E6C722,IN_SELECTED_PEDPATH
0x1EB9AF29,UI_CHALLENGE_CREATE
0x20D34AC5,SS_GET_STRING
0xCBBE41DD,SC_CHALLENGE_LAUNCH
0x13A0D250,AT_FIRED_LAST
0x48B36E07,GET_OBJECT_OWNER
0xE09DB6C1,ADD_ACTORSET_MEMBER
0x45E20057,ADD_COMPANION_PERMANENT
0x2F109475,ADD_PERSISTENT_SCRIPT
0x12304873,NET_UPDATE_LEADERBOARD
0x68EC589D,NET_REQUEST_OBJECT
0xA883AFCC,INT_TO_STRING
0xF90F6C51,HUD_FADE_IN
0x52963366,HUD_FADE_OUT
0x95B9080H,HUD_CLEAR_HELP
0x50EFAAB0,HUD_CLEAR_COUNTER
0x160BDC7A,HUD_CLEAR_OBJECTIVE
0x1C6919EF,HUD_TIMER_GET
0xB6A24203,HUD_TIMER_SET
0x3383E839,HUD_TIMER_PAUSE
0x983A7E4E,HUD_TIMER_UNPAUSE
0x7D94675D,HUD_COUNTER_SET
0x5F3A1C35,GUI_SET_TEXT
0x68FC1001,GUI_MAKE_TEXT
0xBD3A0E6D,GAME_ESTIMATE_MOUNT
0x276A420B,MARK_REGION_READY
0xF8D0D165,RAND_INT_RANGE
0xCA6229BF,RAND_FLOAT_RANGE
0x2104B1C0,PUSH_COMMAND_HANDLE
0x15683736,FIRE_GET_OWNER
0xE5C7E4C9,FIRE_SET_OWNER
0x9A202E1B,FILE_END_PATH
0x973BC454,FILE_START_PATH
0x1A3BAC68,SAVE_SOFT_SAVE
0x5699DE7E,FIND_NAMED_LAYOUT
0x5454B159,FIND_NAMED_ACTORSET
0xA5BDC21D,FIND_TRAFFIC_PATH
0x9CB5372B,FIND_NEAREST_DOOR
0x4710FD93,RESET_ANALOG_POSITIONS
0xD47CFBD0,ACTOR_HAS_WEAPON
0x953FB7EE,ACTOR_DRAW_WEAPON
0x35D8B4AA,ACTOR_RESET_ANIMS
0xFE9903CC,ACTOR_HOLSTER_WEAPON
0x800D6D89,STORE_GAME_STATE
0x48FBB83D,RETRIEVE_GAME_STATE
0xAEA4E9AE,SQUAD_SET_FACTION
0x90D92CF1,SQUAD_MAKE_EMPTY
0x123709E8,AUDIO_PLAY_PAIN
0x462B3A65,AUDIO_STOP_PAIN
0xEB8A51C2,AUDIO_MISSION_INIT
0xD1FD31DE,AUDIO_MISSION_RELEASE
0x7224CD9B,TRAIN_IS_VALID
0xBA1620AF,TRAIN_SET_FX
0xBCB8D17F,PRINT_BIG_FORMAT
0xD8AAF8E0,PRINT_HELP_FORMAT
0xBBBDFF7C,PRINT_SMALL_FORMAT
0x283B4EFC,PRINT_OBJECTIVE_FORMAT
0x829F3E70,DEBUG_PLAYER_LOG
0xEE2791E5,STRING_GET_TOKEN
0x7FB72180,STRING_NUM_TOKENS
0xCBDD5832,REMOVE_GLOW_INDICATOR
0x6857E514,REMOVE_STRING_TABLE
0xE894DC13,REMOVE_OBJECT_ATTACHMENT
0xD637E449,REMOVE_ACTORSET_MEMBER
0xC605E92F,REMOVE_PERSISTENT_SCRIPT
0x6B8E4CDD,VECTOR_TO_STRING
0x1065D334,CREATE_OBJECT_GLOW
0xD8A12B74,CREATE_OBJECT_ITERATOR
0xFB4CFBA0,CREATE_DIRECTION_DECAL
0x5EC1CABF,GRINGO_GET_PHYSINST
0x6B1F2FEB,GRINGO_QUERY_INT
0x2A7B1EFE,GRINGO_QUERY_PROP
0x5C2174C7,GRINGO_QUERY_BOOL
0x69CF9B75,GRINGO_QUERY_FLOAT
0x30AF0FA8,GRINGO_QUERY_STRING
0x1528F08B,GRINGO_QUERY_STRUCT
0x4DE50AD9,GRINGO_UPDATE_STRUCT
0x777842E3,GRINGO_UNLOAD_ANIMATION
0xE6726EF4,TOGGLE_JOURNAL_UI
0x85A30503,LAUNCH_NEW_SCRIPT
0x5C580036,DISABLE_VERIFY_SS
0xDF6B5E94,ITERATE_IN_SET
0xF3ABE99C,ITERATE_IN_LAYOUT
0x28A2A4CC,DESTROY_LAYOUT_OBJECTS
0x398735FA,REGISTER_TRAFFIC_OBJECTSET
0x6D9AA768,IS_DEV_BUILD
0x5405B8AA,GUI_MAIN_WINDOW
0xA20246AB,GUI_MAKE_WINDOW
0xA2A68BAD,GUI_MAKE_OVERLAY
0xFDED9B11,GUI_CLOSE_WINDOW
0xA2E6FECB,GUI_WINDOW_VALID
0x7600ED4B,GUI_SET_TEXT_COLOR
0x4A005F2A,UI_EXCLUDE
0xACEA0590,UI_UNFOCUS
0xE5CC6F08,HUD_IS_FADING
0x149F9E46,HUD_TIMER_DISPLAY
0x9A35DFC6,HUD_COUNTER_DISPLAY
0xADBD44F6,HUD_STAMINA_OVERRIDE
0xA602F586,LAUNCH_NEW_SCRIPT_WITH_ARGS
0x84D6F8A7,NET_START_NEW_SCRIPT
0x88087384,IN_TARGETTING_POSSE
0x8A01B64B,GET_GRINGO_FROM_OBJECT
0xE9AABF2F,REFERENCE_ACTOR
0x3EEA78A8,REFERENCE_OBJECT
0xBC4B6B74,NET_GET_PLAYMODE
0xE58339B3,LEASH_RESTART
0x8640261B,LEASH_BREAK
0x8EA68EB5,LEASH_CONSTRAIN
0x46BE1D43,LEASH_IS_BROKEN
0x566793A0,LEASH_DETATCH_OBJECT
0x7A1376B0,LEASH_RELEASE_CONSTRAINT
0x320E2604,SQUADS_MERGE
0x40ABFD17,RELOAD_FACTIONS
0xFACF08C7,GET_GRINGO_BOOL_ATTR
0x8A86AF8B,GET_GRINGO_INT_ATTR
0x2EFD2B55,GET_GRINGO_FLOAT_ATTR
0x6BA58AC7,GET_GRINGO_STRING_ATTR
0x5851C408,GET_GRINGO_VECTOR_ATTR
0xFA22A365,GET_GRINGO_STRUCT_ATTR
0xCF6822D7,SET_GRINGO_BOOL_ATTR
0x377B2C54,SET_GRINGO_INT_ATTR
0xBC3C401F,SET_GRINGO_FLOAT_ATTR
0x5C6831F9,SET_GRINGO_VECTOR_ATTR
0x1EDF0B86,SET_GRINGO_STRUCT_ATTR
0x9CC6F183,GUI_SET_TEXT_JUSTIFY
0xB1FDB70D,UI_ISACTIVE
0x4DA5F502,HUD_SET_FADE_COLOR
0xD6DFA6FC,HUD_CLEAR_BIG_TEXT
0x495164AD,HUD_CLEAR_HELP_QUEUE
0x585F008A,HUD_CLEAR_SMALL_TEXT
0xF4209CCC,HUD_TIMER_COUNTDOWN
0x10F5386D,UI_CHALLENGE_SET_PROGRESS
0x9CF5C747,UI_CHALLENGE_SET_OBJECTIVE
0x2A39FD8A,UI_CHALLENGE_SET_DESCRIPTION
0x4A3022E0,UI_CHALLENGE_MAKE_CURRENT
0x2707F082,UNREGISTER_HOST_BROADCAST_VARIABLES
0x130DB5D0,UNREGISTER_CLIENT_BROADCAST_VARIABLES
0xC09EAB6E,MAKE_TIME_OF_DAY
0x7151E7F0,HAS_PROP_BEEN_DAMAGED
0x35D8B21E,LEASH_ATTACH_TO_OBJECT
0xFCDB4810,LEASH_ATTACH_TO_WORLD
0x26D24123,GATEWAY_SET_ACTOR
0x9E2C2701,UI_DISABLE_INPUT
0x3F166D0E,START_NEW_SCRIPT
0x1185F9B0,WAITUNWARPED
0x7C496803,WAITUNPAUSED
0x2765C37E,GET_HOUR
0x1020BF6D,GET_MINUTE
0xD66B6C8E,GET_TIMESTAMP
0xEA8964CC,DOF_SET
0xF665F9D1,DOF_PUSH
0x4E17E039,TASK_SEARCH
0x342F21D2,TASK_DIVETOWARD
0xF1A3F362,TASK_DIVEAWAYFROM
0xCEBD595A,SHOP_CLEAR
0xE7F6AA5D,SHOP_REFRESH
0xA257C16D,BURN_ACTOR
0x28413943,RESET_FACTIONS
0xFDE8DFCE,ALLOW_TUMBLEWEEDS
0x8852F896,CLEAR_TUMBLEWEEDS
0x2B00A643,READY_ITEM
0xDD33E221,AWARD_AVATAR
0x720F2CA7,CAMERA_PROBE
0x4E86F0B5,CANCEL_DUEL
0x2739F04D,DISBAND_ACTORSET
0x179A07DD,DISBAND_OBJECTSET
0x71D550C6,STRINGTABLE_LENGTH
0xABFD3560,GET_ACTOR_TYPE
0x5AB552C6,TASK_PLAY_ANIM
0x4A2100E4,START_NEW_SCRIPT_WITH_ARGS
0x94A10ECD,GET_CAMERA_UP_VECTOR
0x3010BBC2,SET_CAMERA_TARGETDOF_FOCAL_LENGTH
0x83F3336B,GET_CAMERASHOT_UP_VECTOR
0x7597BC24,GET_CAMERASHOT_X_VECTOR
0xD86CB952,GET_CAMERASHOT_FAR_CLIP_PLANE
0x4E6DDD27,SET_CAMERASHOT_TARGET_OBJECT_BONE
0x7AC13DF5,GET_CAMERA_SHOT_TRANSITION
0x143A617C,SET_FIXED_TRANSITION_T
0x7A48EDDF,CUTSCENEOBJECT_ADD_TRANSITION_FIXED
0xA3E18517,GET_EQUIP_SLOT_ENABLED
0x8468286B,CREATE_CORPSE_VARIATION_IN_LAYOUT_RANDOM
0x76E416FD,IS_POPULATION_SET_REQUIRED_RESIDENT
0xE339719A,SET_ZONE_POPULATION_COUNT_RANDOM
0x4B8C0945,SET_ZONE_PRIORITY
0x64799CEE,ADD_TO_ZONE_ALLOWED_GRINGO_TYPE_LIST
0x687545BF,AMBIENT_SPAWN_PRESTREAM_SET
0x33CE5435,GET_CURRENT_DUEL_SCORE
0x7B7D1742,SET_ACTOR_REACT_TO_LASSO
0x880DBF50,SET_ACTOR_IS_SHOPKEEPER
0xEF639583,CLEAR_FACTION_STATUS_TO_INDIVIDUAL_ACTOR
0x23AFEB8A,TASK_BE_DEAD
0x8EB3D852,TASK_BE_DEAD_RANDOM
0x525B028A,TASK_BIRD_LAND
0xFDD2905C,TASK_DOOR_ACTION
0x9ABE6BC0,TASK_WARN_CHAR
0xD7E582B1,TASK_ACTION_PERFORM_ON_TARGET
0xE2104FED,TASK_FOLLOW_OBJECT_IN_FORMATION
0x145B7C2B,TASK_LEDGE_ACTION
0x3B0F53F4,TASK_SEEK_COVER_FROM_COORD
0xDE18EDA3,TASK_SIMPLE_BEHAVIOR
0x86A98E99,TASK_STEALTH_ATTACK
0x1C7834B1,TASK_TR_ACTION
0xCFA55B60,TASK_TR_ACTION_ON_ACTOR
0x65D93BD0,TASK_USE_GRINGO_GROUP
0x5E24EAA0,SQUAD_FLOCK_SET_BOOL_FLOCKING_PARAMETER
0xE8B7AA08,SQUAD_FLOCK_ADD_EXTERNAL_VELOCITY_MATCH
0xE21D4785,SQUAD_FOLLOW_TRAFFIC_CURVE_GET_ALL_BEHAVIOR_FLAGS
0xF3C07A17,SQUAD_FOLLOW_TRAFFIC_CURVE_SET_ALL_BEHAVIOR_FLAGS
0x20009EB2,SQUAD_FOLLOW_TRAFFIC_CURVE_GET_BEHAVIOR_FLAG
0x347616C9,SQUAD_FOLLOW_TRAFFIC_CURVE_SET_SPEED
0xB00F188D,SQUAD_FOLLOW_TRAFFIC_CURVE_SET_SPEED_ABSOLUTE
0x70E0654A,SQUAD_FOLLOW_TRAFFIC_CURVE_SET_SPEED_NORMALIZED
0xF1634660,SQUAD_FOLLOW_TRAFFIC_CURVE_SET_OFFSET_X
0x27F7C1E4,SQUAD_FOLLOW_TRAFFIC_CURVE_SET_DESIRED_LEADER
0x5BADEFDC,SQUAD_FOLLOW_TRAFFIC_CURVE_CLEAR_DESIRED_LEADER
0xE69AE6C5,SQUAD_FOLLOW_PATH_IN_FORMATION_GET_ALL_BEHAVIOR_FLAGS
0xFA63B0F7,SQUAD_FOLLOW_PATH_IN_FORMATION_SET_ALL_BEHAVIOR_FLAGS
0xC4D79095,SQUAD_FOLLOW_PATH_IN_FORMATION_GET_BEHAVIOR_FLAG
0xF661D354,SQUAD_FOLLOW_PATH_IN_FORMATION_SET_TASK_PRIORITY
0x554EFABE,SQUAD_FOLLOW_PATH_IN_FORMATION_SET_OFFSET_X
0x47F31A41,SQUAD_FOLLOW_PATH_IN_FORMATION_CLEAR_DESIRED_LEADER
0x31613E0S,SQUAD_FOLLOW_TRAFFIC_CURVE_SET_CURVE
0x1AC03C80,SQUAD_GOAL_ADD_FOLLOW_OBJECT_IN_FORMATION
0x7C13266C,AI_GET_NAV_ACTOR_AVOIDANCE_ALLOW_TURNS
0xBAA2BA4F,AI_GET_NAV_ALLOW_TWEAK_DESIRED_MOVEMENT
0xF1B3072D,AI_SET_NAV_UNALERTED_PREFER_PEDPATH
0x4DB11394,AI_GOAL_LOOK_AT_PLAYER_WHEN_WITHIN_CLEAR
0x6718D199,IS_AI_ACTOR_PERFORMING_TASK
0xDA005857,AI_SET_WEAPON_DESIRED_RANGE
0x4AEE21F0,AI_SELF_DEFENSE_GET_PLAYER_ATTACKED_FIRST
0x480D5BD0,AI_SELF_DEFENSE_SET_PLAYER_ATTACKED_FIRST
0x2FBBAD10,AI_GET_IGNORE_OPEN_AREA_MATERIAL
0xF5752F72,WAS_AI_ACTOR_PLAYER_WEAPON_THREATENED_BY
0x7AF8AFDC,AI_WAS_PUSHED_OVER_BY
0x9EB4C10M,MEMORY_GET_WEAPON_DRAW_PREFERENCE
0xB4621962,MEMORY_SET_UNARMED_RETREAT
0x44A1ED5C,TOGGLE_COOP_JOURNAL_UI
0xC79F2BD3,SET_ACCESSORYSET_ON_SPAWN
0xB7DE2AF2,SC_CHALLENGE_CLEAN_UP
0x1876B04E,SC_CHALLENGE_PROCESS_EXPIRATION
0x4BD61354,SC_CHALLENGE_GET_EXPIRATION_STATE
0xF5F97702,SC_CHALLENGE_RESET_EXPIRATION_STATE
0xC322556E,SC_CHALLENGE_GET_VAR_FLOAT
0xB40622F1,SC_CHALLENGE_GET_VAR_BOOL
0xD2513200,SC_CHALLENGE_RELEASE
0x1260ACCC,SET_PROP_NO_FADE
0x7B5C28F3,STREAMING_LOAD_ALL_REQUESTS_NOW
0x863F0193,SET_DEADEYE_TIME_LIMIT
0xFA8D2B69,SET_WAGON_TO_WAGON_JACK_ENABLE
0xDA0CDC91,SET_DAMAGE_SCALE_ENABLE
0x5D72FDB6,AI_HAS_ACTOR_THREATENED_RECENTLY
0x35E78298,TOGGLE_COVER_PROP
0x8C3B533B,DETACH_DRAFT_FROM_VEHICLE_BY_INDEX
0x6BB8BCFB,SET_BOAT_EXTRA_STEER
0xBE0E275F,NET_GET_OVERLOAD_STATE_FOR_SLOT
0xD4799325,CREATE_FIRE_IN_VOLUME
0xB58013D7,GET_FACTION_IS_LAWFUL_TO_ATTACK
0x8609F5E1,GET_ACTOR_ANIM_CURRENT_TIME
0x445990D8,IS_PHYSINST_HIDE
0x3748F199,SET_TOWN_DENSITY
0xDE0B9673,SET_ACTOR_STAMINA
0xEBD9DFE6,SET_PHYSINST_HIDE
0xE2B894D1,PUSH_MINIGAME_INPUT
0xB14B936A,FIRE_RELEASE_HANDLE
0x7C55C775,DEBUG_DRAW_LINE
0x993E45D8,DEBUG_DRAW_STRING
0xF7974EBA,DEBUG_DRAW_VECTOR
0x4A1BAD30,DEBUG_DRAW_SPHERE
0x50A3BF5D,ACTORS_IN_RANGE
0xAFFA5ABE,SS_SET_TABLE_SIZE
0x3DB16A3D,UI_BUTTON_SET_TEXT
0x53A761DE,FIND_ACTOR_IN_LAYOUT
0xCF875EFA,FIND_OBJECT_IN_LAYOUT
0x6AD8EEAF,FIND_GROUND_INTERSECTION
0x4F193BE4,FIND_WATER_INTERSECTION
0x4646C335,FIND_NAMED_POPULATION_SET
0xAD969D3F,FIND_CLOSEST_DOOR
0x70F96930,FIND_OBJECT_IN_OBJECT
0x9CD3AD70,FIND_INTERSECTION
0xB0882841,CREATE_NAMED_POPULATION_SET
0x24C18749,CREATE_EVENT_TRAP
0xD0A66B60,CREATE_OBJECT_ANIMATOR_ON_OBJECT
0x92CC441F,CREATE_GATEWAY_TYPE
0x9BCC06E2,CREATE_LEASH_OBJECT
0x7E81694C,CREATE_OBSTACLE_ON_OBJECT
0xC587FA2B,CREATE_FIRE_ON_OBJECT
0x24BAABCA,GRINGO_IS_PROP_READY
0xE975BE40,IS_ACTOR_ON_LADDER
0x5D41D423,IS_ACTOR_DRAFT_VEHICLE
0x16EB367C,IS_ACTOR_HOGTIE_ATTACHED
0x5B792331,IS_ACTOR_BEING_DRAGGED
0xE9BA2230,RESET_VEHICLE_BUMP_COUNT
0xCF1B9B11,RESET_PROPS_IN_VOLUME
0x951B8DF7,LEASH_DETACH_OBJECT
0x6A0FE2A0,DECOR_GET_STRING_HASH
0x19BD222F,IS_OBJECT_ANIMATOR_VALID
0x554CF528,IS_OBJECT_ANIMATOR_READY
0x1C391A44,IS_VEHICLE_ALLOWED_TO_DRIVE
0xADC17E90,IS_LOCAL_PLAYER_VALID
0x115CD0CC,IS_SCRIPT_USE_CONTEXT_VALID
0x36CC24A4,IS_PERS_CHAR_VALID
0x211DD9D2,IS_DOOR_OPENED
0x2ECF04F3,IS_OBJECT_IN_VOLUME
0x22558E3F,IS_ACTOR_IN_ROOM
0x1B271D85,SET_ZONE_POPULATION_COUNT
0x9381D459,SET_ZONE_POPULATION_DENSITY
0x4A2063EC,GET_OBJECT_FROM_ACTOR
0x831338D9,GET_OBJECT_FROM_CRIME
0xB64DDA6F,GET_OBJECT_FROM_EVENT
0xFADF0B96,GET_OBJECT_FROM_VOLUME
0x111501F7,GET_OBJECT_FROM_GRINGO
0xBF680846,GET_OBJECT_FROM_OBJECTSET
0x35B5587D,GET_OBJECT_FROM_PERS_CHAR
0x550E1780,GET_OBJECT_FROM_PHYSINST
0x4F10FD5B,GET_OBJECT_FROM_ANIMATOR
0xEDA897FA,GET_OBJECT_FROM_SQUAD
0x5908F7FE,GET_OBJECT_ANIMATOR_ON_OBJECT
0xC5205015,GET_OBJECT_ANIMATOR_PHASE
0x5C4262F9,GET_OBJECT_MODEL_NAME
0xD3C7AEFA,UI_GET_NUM_CHILDREN
0x4028CE77,DESTROY_PERS_CHAR
0x4F52CB58,RELEASE_SCRIPT_USE_CONTEXT
0xD7591B0E,ADD_SCRIPT_USE_CONTEXT
0xC5202810,GET_ACTOR_FROM_ACTORSET
0xD98CB6F6,GET_ACTOR_ENUM_STRING
0x2803BDA8,GET_ACTOR_ENUM_FACTION
0xD89C14BA,GET_ACTOR_DRAFTED_TO
0x19C3CF93,RELEASE_PERS_CHAR
0xF349D0B6,SET_ACTOR_TO_SEAT
0xA183D927,GET_LOCAL_PLAYER_NAME
0x17CEE67A,GET_SYSTEM_TIME
0x6DBD1DDB,GET_WEAPON_GOLD
0xAE44869D,SET_WEAPON_GOLD
0x9BD37A3D,TAN_DEGREE
0x69BE2817,ATAN_DEGREE
0x8A0D25F2,ATAN2_DEGREE
0x430207A4,COS_DEGREE
0x55842354,SIN_DEGREE
0x8308EBA0,GET_LAST_HIT_FLAGS
0x7B7AA6B0,GET_LAST_HIT_WEAPON
0xD4048969,GET_CAMERA_FROM_OBJECT
0xE3E30992,GET_BLIP_ON_OBJECT
0xCE01609D,GET_CAMERA_ASPECT_RATIO
0xF662EAE1,GET_POPULATION_SET_NAME
0x8E56236D,GET_FACTIONS_STATUS
0xA677B204,GET_WEAPON_MAX_AMMO
0xA4B2016D,GET_WEAPON_IN_HAND
0x35CD589C,GET_WEAPON_DISPLAY_NAME
0xE8739A48,GET_WEAPON_FRAGMENT_NAME
0x8EFDFE89,SET_CAMERA_FOLLOW_ACTOR
0xFF65A07C,NET_IS_SESSION_CLIENT
0xFD300D15,CUTSCENE_MANAGER_LOAD_CUTSCENE
0x99D215B4,CUTSCENE_MANAGER_LOAD_CUTFILE
0x3D014AB1,CUTSCENE_MANAGER_HIDE_ACTOR
0xE7F781B8,CUTSCENE_MANAGER_UNLOAD_CUTSCENE
0x98A9AC9E,CUTSCENE_MANAGER_PLAY_CUTSCENE
0x9E6CAD1D,CUTSCENE_MANAGER_STOP_CUTSCENE
0xB550D120,CUTSCENE_MANAGER_SHOW_ACTOR
0x4E6A78B5,HIDE_CHILD_SECTOR
0x63A83655,SHOW_CHILD_SECTOR
0x87DC7F5B,PREPEND_JOURNAL_ENTRY
0xB6006EA9,NET_GET_GAMER_POSSE_SIZE
0xFC52BD15,NET_GET_GAMER_POSSE_LEADER
0x7AB65B0C,NET_GET_SESSION_GAMER_COUNT
0x87E40FB8,ENABLE_GAME_CAMERA_FOCUS
0x4FA19C01,DISABLE_GAME_CAMERA_FOCUS
0x2FCD8CCA,SHOP_ADD_ITEM
0xFAF37414,SHOP_GET_ITEM_QUANTITY
0xB75FAD6A,SHOP_SET_PLAYER_BANK
0x777CF9FA,SHOP_SET_ITEM_QUANTITY
0x5A12BB48,SHOP_IS_SELL_SELECTED
0x5402321A,CREATE_FIRE_PROPERTY
0xF6BF4242,IS_ACTOR_CROUCHING
0x6396ABB7,IS_ACTOR_BLINDFIRING
0xC0F77310,SET_ACTOR_STOP_UPDATE
0x4EFC58BC,GET_ACTOR_STOP_UPDATE
0x554FC5E0,IS_DISPLAY_WIDESCREEN
0x8EB0B2AD,IS_PLAYER_TELEPORTING
0xF7400A47,IS_SEAT_OCCUPIED
0x3A5C56E3,NET_SESSION_SET_INVITABLE
0x86FF3A9B,NET_SESSION_START_GAMEPLAY
0x81FD9851,NET_SESSION_END_GAMEPLAY
0xB5401D4A,GET_GAME_EDITION
0x2AC74780,GET_FIRE_PROPERTY
0xB5431C90,GET_EVENT_PERPETRATOR
0xEE4E2461,GET_ACTOR_INCAPACITATED
0xB3FC8CB7,UI_LABEL_SET_TEXT
0x59466B4D,GET_LAST_FRAME_TIME
0x69FA5315,GET_LAST_ATTACK_TIME
0xEB40C2FC,GET_LAST_ATTACK_TARGET
0xDF50D8DE,UI_LABEL_SET_VALUE
0x9AAF7E28,GET_STICK_X
0x7C6D41A4,GET_STICK_Y
0x1FCC8FEF,GET_CORPSE_ACTOR_ENUM
0x1449EE9E,GET_BLIP_ON_ACTOR
0xE5E04E83,FIRE_SET_MAX_FLAMES
0x4778A580,FLASH_SET_INT
0x34F03EC7,FLASH_SET_BOOL
0xDF024C94,FLASH_SET_FLOAT
0x9E31EEA7,FLASH_SET_STRING
0x3568B830,FLASH_GET_INT
0xFA266B15,FLASH_GET_BOOL
0xA332ACE3,FLASH_GET_FLOAT
0x8A2A1A51,FLASH_SET_ARRAY_INT
0x35CDFDC5,FLASH_SET_ARRAY_STRING
0x98A5CDC5,NET_POSSE_REMOVE_GAMER
0xA819497B,FLASH_SET_EXTENT_BOOL
0x12325AE7,IS_ACTOR_INSIDE_VEHICLE
0x1AA3A0C0,CAN_ACTOR_HOGTIE_TARGET
0x3AE77125,SET_GAME_CAMERA_FOCUS
0x9DFC820C,CREATE_ACTORSET_IN_LAYOUT
0x44A34042,CREATE_POINT_IN_LAYOUT
0xA17311E4,CREATE_VOLUME_IN_LAYOUT
0x25C98450,CREATE_GRINGO_IN_LAYOUT
0x779267C3,CREATE_PROPSET_IN_LAYOUT
0xE351587D,CREATE_PROP_IN_LAYOUT
0x80B8A1BE,CREATE_PATH_IN_LAYOUT
0xF7277A0F,CREATE_SQUAD_IN_LAYOUT
0x91C6AC0E,CREATE_FORMATION_IN_LAYOUT
0xD60032F6,CREATE_CRIME_IN_LAYOUT
0x921B5F2B,CREATE_OBJECTSET_IN_LAYOUT
0x4251BF6C,CREATE_GATEWAY_IN_LAYOUT
0xB1569C50,CREATE_CAMERA_IN_LAYOUT
0x54A417F3,CREATE_CAMERASHOT_IN_LAYOUT
0xDA50B18B,CREATE_AIMRAMP_IN_LAYOUT
0xA923A22D,CREATE_CUTSCENEOBJECT_IN_LAYOUT
0xA7E9DA22,GET_PROP_FROM_OBJECT
0xB578DB52,GET_CRIME_FROM_OBJECT
0x184BD1BC,GET_EVENT_FROM_OBJECT
0x758F993A,GET_PHYSINST_FROM_ACTOR
0xDB70DF0C,GET_PHYSINST_FROM_OBJECT
0xF5EE5874,GET_ITERATOR_FROM_OBJECT
0x49D0DF2E,GET_CURVE_FROM_OBJECT
0x502DAC62,GET_VOLUME_FROM_OBJECT
0x8B217CAC,GET_ACTORENUM_FROM_STRING
0xD0C471FB,GET_SQUAD_FROM_OBJECT
0x2CB3B980,GET_OBJECTSET_FROM_OBJECT
0xCC004171,SET_PROP_CAUSE_ARM_UP
0xD6F4FDAD,AI_GET_NAV_FAILSAFE_MOVEMENT_ENABLED
0x4D53AC21,AI_SET_TR_PROGRAM_FOR_ACTOR
0x8020C45E,ANIMAL_SPECIES_TUNING_GET_ATTRIB_FLOAT
0xEBC9C2FD,GET_JOURNAL_ENTRY_DETAIL_STYLE_BY_HASH
0x083903D1,SET_ACTOR_LOW_DROP_DAMAGE
0x1540A309,SET_ACTOR_MEDIUM_DROP_DAMAGE
0x7CC57FDA,SET_ACTOR_HIGH_DROP_DAMAGE
0xEDC806BA,SET_ACTOR_FLY_FX
0x39928706,TURN_ACTOR_INTO_ZOMBIE
0x468DDDB3,SET_DOOR_LOCK_VISIBLE